0xBd9F1259ab34C33DB4531798F542c11fB9B4E979,5
0xc4DA6319585Ff59912013338108ca895e48Ac733,5
0x7Fa3470539815c645012d60693ae10AEbE43387C,5
0xE401d18F6F835C12CA54E54a2f16A802b651eaa7,5
0xB036830D269D9dE1e1c3f9aF26C9aC90bBd20085,5
0xAF4C257eEf37542b02Fa672a413bEB8c11947AC8,5
0x49838aA6c98260aa1738fbef639f9793333a5B60,5
0x2373B80f4f61fD7a853F44d8D9183ef57A52fC0C,5
0x909135762d837e72d00090d28fD69DF764DBc0C5,5
0xF6aC1b55C97a061c4f21d26cCa350bC118d47B3F,5
0x61fb752FC58920Aa1Cb93DF23B13e4558452C496,5
0x228161b47C86275D4b98e712ccE7111f29E60516,5
0x5C10086925031e6da2a16f1440ECa1eEe78f0Ba1,5
0xcC35D4635B3154cc60497121De4CFEcDf160bf19,5
0xAefCDA6b2cF4EcC7A7E07099C79a729a7c8b91f7,5
0xf5d620fE26c202cb82b5c786240Cdb425b8AD53f,5
0x72127613CC0309e65F465A4176016A0F78F5F9C0,5
0x7C4D7dA09A4B7195F5dA5EfC385898c7f13a519e,5
0x95E8119646C8ccDB4739a8C5164487805Ec4554f,5
0x86c16F44BC75851a9E2E16e28366aDD78169fEA9,5
0x80B21C49b2cB7b3D8956e028a7776DF7863f4538,5
0x1d1DC008ef7E70acc6251858710fE2C7D4e8e431,5
0x1038ed0E40F068B1110f460Cdd41188929c71d09,5
0x629e8B9Ff8AdD6B9d74d51ecad3F924D976C12Fd,5
0xf705Cb1501D04462aB7FF142F1F0ad198175725e,5
0xBFF154A1E5F07cE2258880d297ce74f1413f4Aad,5
0x96539455E49b8DE5738f85C2347cf7955775f502,5
0x21BF63C0418D4f1D13f884C50498B2259B321b43,5
0xA200369d36d9a1040bDddDf7F83995220E87211C,5
0xC077cC68B733D5F8B5b6664046218FfF605609AD,5
0x97ac402A98C33cA0194bC51377159c635Ce2f672,5
0x34020B481DcE4555D6A12a336191Ca4E7DF1Eb35,5
0x465c63680F2a0B4277d9b4CEcC3f3310e531A77f,5
0x2308dD5F290986C91028781A75c87844cEaad672,5
0xA65d63E5ee42775262F8Aa3ff8dBe90a346307F8,5
0xA75B913ab66b6b97Bdd36CA14615c9727aBBCc7b,5
0x5750C56094E65E7Ae3BA7925ec9B439465756635,5
0xAEEc8893388B023956441C4e06D637904aaf182C,5
0x40594F31B9F2939851fBE64bFf6dff996c75Fbe7,5
0x5f20a0eE72Cab0162479874316fE6c199a0D5b67,5
0x0b59df283e68E8aC0F2dD8783F408DB4E7ab482d,5
0x2799aaa2c28425B6554914c459da470C5198BC4F,5
0xBEc7BE1F60Fc17226848F3D308e500E5A09721F9,5
0x1E2CA98F79751FF5dc7032D655377029a37D4B1D,5
0xFDD867CC29822F89194F0F9c089f9903183d5423,5
0xE2D435Be0c6A8380e55b6f7cb75a0b5E7D2565f9,5
0x1764d2d578A62CB53Ba690bb858Bbb03EF979eeF,5
0xb833B1B0eF7F2b2183076868C18Cf9A20661AC7E,5
0x6c543fbAfc5A4dF7B85ecd09fF5eb3B5Ebf21e5d,5
0x95B8C974fc036d055a05ef7Aa667dB7AB06A726A,5
0x32b1f3eA1B36669d40AeafF297695a92242Da333,5
0x9C2122C1BaD5A0ec624c6D0a6E6b6d672D00d1aB,5
0x0358FD044F698f3A0433B1664a74ACa4377AB585,5
0xD38cd7340281dBcA93Cc21C108F646D8626a03aE,5
0x61919014fBe0Ea342B69EA338C78376385867ecf,5
0xE9F12436016ec1B735e131b011Bae234bD186A12,5
0x1a9B83ce0Aa44015cbF3833775a2bBC17D81cF33,5
0x0FB581440E9D2bfe47390E82094116D31ee95A52,5
0x57dd42DE2a431DC7b0863393bdD104168d876d94,5
0x49b822F11a7AF4bbBFD69753Bc32b7913128f71F,5
0x44a0fdbFAc433AD3510D1308b743F6Eb85e5f604,5
0x70B3Eb071B028C6EB95EF9643a6ecD3eAa823A10,5
0xed4f760A07bEDABC5603f5dbcAfc464D2f75f075,5
0x261A42F3D70E68d8D98107b72d5C2f79565e6239,5
0xbe601028BB535e0e46BC8649a93bADA7BD688A89,5
0x128Cfb4527819599DFbcF156e7b27ec84A65EAE0,5
0x59b9814c17B3D75cD39a6FE4AcaDf8a78c7b3318,5
0x0d35fD6928CEd141e6aF4F5e58c02C79aEe7a9ae,5
0xba5Cc4B7DacDf7bDcB6aF2365B3D61d96d67B098,5
0x7B4D11a3E5eaD71AD66fD70eff0Be1a5DD09336B,5
0xaEF1E5ab36D4f9F7227Fb216f0107F05CE2B1967,5
0x5637837A5A05F29fF8C0F3ba8cEf37fbA0A54A6E,5
0x10b4ee99F35df1fDe98226eF7438Fec12909eF96,5
0x4B3DE3F29E9E12A9a9571E321983E37B8a35e9f0,5
0xaF24842aB5Dfe000287C340383899601D05D7e83,5
0x45a1FE688c01CCfd4606aC31D1F7b10FE2aa875e,5
0x7dcdCb871A087ed74765a0ba36261d81698E98cb,5
0x958fC57cA80f5619a614311e375f3c0e153B3DF4,5
0xF656ce6a48d56FCa0C9fE40907f35941236aCE90,5
0x91E543aff088216BeFEB4A9487aF7C76ec4BE135,5
0xEeFe25f20B2E4306b3d765606b25fd02cA45E075,5
0x7327288E62B88bB0C8486227Cef95B1BD6e821A2,5
0x8353a3190b99CBd2a04D140ECC294098975e002F,5
0x034970A3660BcF0FdEbe879d5007dFC3E3d44B98,5
0x029517ea8F5764f8457B2DaA8F34290bF10A6061,5
0x8C58C739cc456091C0D1CeE900988059b32F4b19,5
0x52eC8acC1f601d64C0B13F95afcf29861c225D43,5
0x0E98FF14097770464ED2d9c1C5CebF99C67C3cC6,5
0x62b609252383E9272ac0b0242acBd2b01B59009F,5
0xfC591D77185E64B40b76eAf4f2c9dffe0a3F598C,5
0xaFC9e4586BA9BBc431F07e6766c3AE3D55f863CE,5
0x37660b87525559598c053f0f5b4c93C44Ec35E13,5
0x30d9C46363d5BE604BDfCA017D138b4E363C8A1B,5
0xd4e91f5470A517B45AFabb8397AC65B056bB3C7D,5
0x4d5a277Cc4166A4CeC3E19E55aBdFa1F922a6C46,5
0xB8e1f0f1E0AaB629eC07aE9e4FA680B58732c643,5
0x6d53A69beE0fA667060e0d8F41A3fdc9CC293A64,5
0x6668b50B00634884d097490C8014a16cd2DdDD98,5
0x2cA8b80c296F341b3F4e469494755DF557033Ee3,5
0x7F0b10938d9731A8AFDa065Dc7d970665981000F,5
0xe7766F48E933B94d13711c202965a5ea985c3aE3,5
0x7A97279EC16859E515964606871547F8e0Fb7F38,5
0x624293DA97c7E026D95E90dab13e1dCeAb461835,5
0xD89Fa527A6BbD17Dc8B201482c0A410583FaDB63,5
0xCb15DcfdEe8a7a2BeC8561d33625B4FF7968baB4,5
0x593B0c00078A741eB440c7B9Dde999bdD40Aa1F9,5
0xE1E2D5952A6a1AD99E80F82981ba5A5D06BDeB87,5
0xbc0ee223287656b4cD53DA52d0ac41Bd677Fa851,5
0xe6692068B90b215f6F318685d668E914eB204af8,5
0xb16fD9113C315861b0E543c075400dA90451CfA6,5
0xFAb9933Ef539b812A17E4206B314147286cF2a74,5
0x1589b11D5A4cAb2E8b2c322f82708f4c2fD8f5cE,5
0x82F4F85D5a9D2D2Ec3300737BEa4088d1842D7E8,5
0x0B01168b77425d8a4Df02F794d2ceD416EC6e7d4,5
0xae177ccc085F1e68F644E2C34Ea629dF8B58428b,5
0xEFDf8110F7640aCeda6413f31E4085BacA6a105F,5
0x90d97772F4469Df443273d2946aAebd5158f75af,5
0x42F826A51243e72DE658eb5274316F13163A9d84,5
0x3d4FbAC05963165cD00aa4F500dC77638F29359c,5
0xBAB8a019c898641c7b18fdf0035D0eBE189A29Ef,5
0x1025782a4236152A7D603b8040c9eBa6764d2F80,5
0x66a4382368e16A5988Cd5f661efeDaf45cE1a8BF,5
0x6A037b9B16A88BCaE5614D5221991B423e90A315,5
0x3629b9B7986715a66a7C79fAbb834952C26b460d,5
0x9A78d13f9Cb57eE73685a6c792E26c8dF0970667,5
0x794a4eCB6c0F7ba28058a1aAad1154BaaDCd518C,5
0x8b2244bC61c64c2F5BF90D43C3B93ec73C786E3b,5
0x52fb93047ACf981C64a3d54f9FB63d1634293766,5
0x3961A78f201Bed1dC91FdeC25eC6fC1E1a2D9A24,5
0x4C597f5B050AA798647B66F491442a2543f61663,5
0xEF87243Fe29c2453F87549e02982108a3B832952,5
0xaDfdA5e88D3642219427DC8278029B17a7DF5CE0,5
0x0f212A76157bd07B9b0EfA1E6AacFcfd0111Da4c,5
0x0268Aa1755B49FA115A81090B836f2B111A20163,5
0xCCC15d2EAdf4aD883C916b2830C64F029c1ED404,5
0x0411731Be3b7cBA409ede437472b75004353D81A,5
0x64Bec522dc88CDAb0D114Fac2Ce42d6Ef7D8dBf8,5
0xb7bD544ed9126f7B634F360c12cC994a4F228932,5
0x40AC63186d0b997485D02F602e6002BEB1006148,5
0xE7b2815Fb6A39fb6bb81c2ad72a2248F7517537C,5
0xe8Cf545F7fCe035EF4719EaA8E07a96FD5349465,5
0x591AC1283C1801F326b9F0e90a14068aC94a1D0A,5
0xA1aF9C704783F887dAe66A09ab123AaD6373df9e,5
0xe78668cb78e60BDbd1Bd330a0cE4645B04b7d9E2,5
0x34EEaB4837A5870762C8D1D985b4c01F75a87aab,5
0x80092f94F8D3f9048624ed68F5a0DaBeAfB9FEDC,5
0x19BFb0e085231ADDFad4185D684EcfC1A99E2CA2,5
0x49000B54784C0359A9ed744a5f3505d39043e451,5
0x10c1Af10e3703D377f69BA9f4D17A5f3b8D3F501,5
0x1Fa696000B3Aaab50E2DfBb8857FA841F27Ce1F7,5
0xd1a5b91957530E1B3e9cfac1543467C60c352F69,5
0x052920074577ad1B70d82218E7b8d4B290b99a95,5
0xAec1028a1EfcC54Fd702A6fB409C27acb6f71041,5
0x9af6f946d80590E67E16eEC61360E4A7a92c76B8,5
0x161b1d3aB6cFd2b9F42Ec758FD5a9CEbD0808952,5
0x7a0FB632f86a8C8236aC8960b3a9cada3e7E0B30,5
0x11Be2feC0fBE63DF54C7431D0342cC1D79DdC851,5
0xd06AAFd7430BF6c09199FA2c8ba0689EF4E2590C,5
0x4F29Af06983346Bab330a1Bedb9386373Bb8bd8d,5
0x51e2D90950B963c70DAd87B8d5bfb1a24a8A8cE2,5
0x09872Fa1d78dd6E879f6CB0A6075324995dBd581,5
0xCdBA4759c345a44b408795B5284886ddF64d4072,5
0x7cD59aEf93F934e72d1dFc529fd6Ecd5de03cde4,5
0x6bc7a750544aA57D67AD5cfd9E682697347E20B2,5
0x8bd339A19f1DaD8dA4d9F8dA0db71b95De3b628d,5
0xD65ED38DEDEbb0353F89E83d4d4499F9656Ec01B,5
0x5CAb25102C760ccF4b4bC854E830353426C94388,5
0xAC48fb1C46C50C34EB3f5571025ee193150C4f9e,5
0xB9C9552dcE65323B5E3C37E4E6B7f3B05b7981d9,5
0x30b33e450735Eb5A617C2a4B5C66323079730532,5
0x55c80FD82B8dD363E83aEC55cc149A5fbCF4c505,5
0xf66d4094d0c66fC43494B453008f6853b4A45c89,5
0x23c7854777beD348244a04a89C1A1309FfB9E7ba,5
0x72B545724f5D9cF8076FD2b915d9F8eF14c81dB8,5
0x0a8841c8451F59FDeFE4A41e17E9e4a0B61c8813,5
0x58a51f8d274B639101155Fe79Dd26d16444F9d0d,5
0xAa08209FCD6ee8970b2D5F3Ada42C1E0f7D0517b,5
0x6b5d503451510Bf3945C541D01dA68C981f9c498,5
0xFf52BD11d5312a61ec13Bc01D038178f01C0E999,5
0x46360e8AF2E7bCcDFa2874034E91f5a1fc785912,5
0xd83492467209B2fE000dB2CbF8Eae6a9349Bb563,5
0xCf826B96C2Fb888373A77c3d327b3F19aea01a21,5
0x97AbAcf54bAD03f0Fdb5a9aFC6BC48826d2807Dd,5
0xAb58368030B5cCdab8eE94d5F1e626E75F546A3f,5
0xd930CCafDbD00582D271F8c70Eb7a6ED9aE59ab6,5
0x9aAEA1C9093Fd9524cE54E64aA8dac40c7957c81,5
0x2d71246634b8A095714e78d8f1D6BE003652485F,5
0xECD80553022E97804c85DeE2C0DaC59C1a5FEE22,5
0x1998f627ad0F5904165b1796c4b111492365Dad2,5
0x999b98242f5384E225a02aFceBb5Cfc817559e65,5
0x290dB8d204833eA62e25D581cBB472CFe09B876D,5
0xfa615c32e2234cd8b00ccEbd2aA0F7b7373fa986,5
0xd553Fe129584198F36DcF6e54Cd3176Af2d5BE0b,5
0x872eab8A707Cf6ba69B4c2FB0F2C274998fEDe47,5
0x984F7238713eFbE11750007eF49fd76Ad254511e,5
0xeEF6d8A2F28766F467A281c4c153e299869Ca17A,5
0x5153e77079fb5D7EAE5099278c3DB5AC90A91e20,5
0x2f4A5C2845F778757CaeBa5D50bcF18dB9110F1F,5
0x29aCCb60A4faFeE42E5543cd58981192BbBFBA67,5
0x2C21E5bDF5A29C6D6Dc89838C4815B539f9f8B89,5
0x656b51e1CEaD1d5C2dD64fA68A76aFB7eF91a528,5
0x560545E7f8A76D47056e3928abBF44D4432afc2D,5
0x0EBA3c1E84866A65D99B116b2B3EA4529dA8916f,5
0xAcdb39B36AF8B5AF9394d46258FAdbAaC5da819C,5
0x3B3FC24d1732e4593CcaBCe3A89B7c25102ed3ce,5
0xd3932209fd8a5011931334ac99b8c6D526E035b0,5
0x04c650b361A9f9DEcba87c6b87db11a67bfFcC4E,5
0x1d2622961ef6997Deb6B4Ffd3a81627A3Fdc13A5,5
0xcB15649D7B7a1eb01fb1ACD14809de6cF82Aa1A0,5
0xa5F7A90bAD45094aa676f81D580D8B93284E8506,5
0x91bf28E62b7752097aFc4aF2FdbD27d0B41f778f,5
0x11CFd4B4bE472E7D2203584d6c9c9fFBDC8a4DA9,5
0x0abCDD29F5237460F31662545cB54944A29c1413,5
0xfcC0e9884e444b79874e0275724Fbf49f3060Ef8,5
0xe38D5840A51F7dA315b085BAcf144969A8006E72,5
0x2D56F1dD1f2DF324c57457F0134a4279d76b65e3,5
0x0a5503295a0cf364f39B9E175c4b08Ec8fc82D28,5
0x0332A05C57a3c9C56F06329fef7B12f30dff8085,5
0xC40dd2e85459e841021DD84F550645901aA337F9,5
0xd9cf6912c1ae6626F83f28D2549Fd35c04ebc8bE,5
0xA2c0905a8a1E66CC1633D2031ee21B18D4A42fA6,5
0xed0b27FFF7915E8583Fe82ae88eeeA640209CbFb,5
0xC98C8a768f376eF18C0F1bcAC42b1d2718093BC5,5
0xcD2aaA6584E358Be845Da1faE1Fd69cdD20490CA,5
0xC2f1D61C53EDF1D98db40Fb145DC3Fe1170414bC,5
0xF9C590dc127df50380ea08856B332B2Bf3f4f4cA,5
0x6C45a98B88b48026Fd7bcc7f21D7C35a73c6ac99,5
0x1Ac1F5cbB8D85399f677339b2F99306AEA199460,5
0x59139d70FF6908b25C90f07B924CA80C51C43B2D,5
0x3A505722A21c66c3143BBA976Bb83Ac82AEBfB48,5
0x7199c101324F3Af4E1089AA865f7D358696A8acB,5
0xf4bD058B86946dff0A6EF2a2977Ee4C40EFe8756,5
0x98488C8A8005E8cae743d571d2a0f87DB288Ea99,5
0xdD0E8bc42f6126D0D2585b4Bf07692D9B172Fc77,5
0x710ab570b20C0BD4762bAdCA19396Ee0Dda17b90,5
0x55DcFE71136578198452039E1c9eF781e6970AA9,5
0x525132158d6966AD6BA7b729295a73616a8A06a8,5
0x45E13B5680B07Cb88dC5781Dfb79C66e4773E2E9,5
0x66923121d0ae5fD98D4D7b7495e5EFb59c8aC370,4