0x19feAf32733E55a20EFA82c2B7b01b8E4d3C6F4D,5
0xCA248AfBcC09E474EcfbEe249bA89f90db32cb5a,5
0x43D891C1b4118B709f3d63E9fC47daAA92E1112E,5
0xBFF154A1E5F07cE2258880d297ce74f1413f4Aad,5
0x3c698d1E054A921dcf46Bc213CA407E39AE4Db8d,5
0x7911ED1EeC934F1c3719D5C760c01Cf77F6f38F8,5
0xE6D1401a53Ada23fFc4F4A352E672208445cdF49,5
0x5A00e8683f37e8B08C744054a0EF606a18b1aEF7,5
0xCE035Ea46464f02700751a6A82FE2cF81a236c79,5
0x44F21d6D3c5900da1C502B7dA89893397B2707F4,5
0x6fF5723435b7dfC2371B57Fb5cB4c373E5995C78,5
0x06dE1d3e5534EA8373CF4012e86f200Ef53E351c,5
0x829A2Eab39aBB84C1E0Aa621736a14443b5c5075,5
0x9C01672bCA7C85b7D0422B8cf93A1D4794DbF08A,5
0x10b4ee99F35df1fDe98226eF7438Fec12909eF96,5
0x2D56F1dD1f2DF324c57457F0134a4279d76b65e3,5
0xeFA1C087490536D2EA647819bC8450102D864E34,5
0xb551f17119C11EdD6D6bF83030638BDa6f6EC256,5
0x80B21C49b2cB7b3D8956e028a7776DF7863f4538,5
0x1d1DC008ef7E70acc6251858710fE2C7D4e8e431,5
0x90d97772F4469Df443273d2946aAebd5158f75af,5
0xA200369d36d9a1040bDddDf7F83995220E87211C,5
0xFAC219Be81D0236e4167163111298934B53a6D95,5
0x03A507043314ef13A83aFFFbAf15d89055F64666,5
0x2799aaa2c28425B6554914c459da470C5198BC4F,5
0x794a4eCB6c0F7ba28058a1aAad1154BaaDCd518C,5
0xe78668cb78e60BDbd1Bd330a0cE4645B04b7d9E2,5
0xAbff5D921a03cf6AFAc88845F183Fb0CD4EafE36,5
0xE2D435Be0c6A8380e55b6f7cb75a0b5E7D2565f9,5
0x7B4D11a3E5eaD71AD66fD70eff0Be1a5DD09336B,5
0xAEEc8893388B023956441C4e06D637904aaf182C,5
0x3071CCF92806b538Be97e950903640C0244Bb2CF,5
0x3D4578A16ebc3A2a1F564AF7b87Bce3875eb4C66,5
0xDBf3d1f08fa28B395dF67269ed55E32EEB260baa,5
0xfFAA2C5A9b88606cf11F12666d7527AF0E68eB1e,5
0x34EEaB4837A5870762C8D1D985b4c01F75a87aab,5
0x73C89B0f755461Df4cf1fF2580f7a92d976b8137,5
0x2D7b523189a995550fFC6f2DB7c64536FbC08bB5,5
0x168F87fBfe36B84E44B9d06278B2aA1CC73d7400,5
0x3d9f1C76076E131D0657ECB0f1F1Dd2E1E30479b,5
0xe3ca6Dcb89522A2A22098701252b7871f83e1E57,5
0xbE63E13B3752c666Ce282e83dB91475ECE2C6292,5
0x3961A78f201Bed1dC91FdeC25eC6fC1E1a2D9A24,5
0x25B476d27D8320B4A02bdc1327B16b6DfebE6207,5
0xC077cC68B733D5F8B5b6664046218FfF605609AD,5
0x2C482A3f64992FdC82C82614a981b808710cF48a,5
0x70dDb726AEDB9611CD85330f325E3BB849D9D833,5
0x415799b4Eecc6D561d7Ab97bBD494d469e1155a2,5
0x9Bbe16FA9869046a509c15778A8581D6465B51EF,5
0x506685ad6E1D208d37547FD8d10a9124444251aC,5
0x4C597f5B050AA798647B66F491442a2543f61663,5
0xde0dc6CF31777fE1b45cE48e584F85042192c270,5
0x7Fa3470539815c645012d60693ae10AEbE43387C,5
0xEd6F695F1Db79428c0aFeB1697AB3B553a3a7CB4,5
0x114B15D0F8d4d067dB512cdC3d01973b72fD00c0,5
0x70B3Eb071B028C6EB95EF9643a6ecD3eAa823A10,5
0xe901DEE45EE976bE38B24E98ad7e5833f7a439a5,5
0x99ae5557D37e36000904f04bDba6Ed5D55EEE04B,5
0xeb1A315eb12257E3D0c778B12b08e6394A1AA1e1,5
0xB5a4b18c05D8471eae84467AAf48F09f6619CfBE,5
0xf66d4094d0c66fC43494B453008f6853b4A45c89,5
0x25E97876aefabF66F69c9Ce0630c84f66bFd81c1,5
0xbe601028BB535e0e46BC8649a93bADA7BD688A89,5
0xc4DA6319585Ff59912013338108ca895e48Ac733,5
0x365943fbAAe1b764F3bb15E71977Ca58F9ed9a31,5
0x3D51847413663696741ccC5081c1E9744B01c3E7,5
0xA533101c602be5Ec3C954C030c39cd25b3Cdd507,5
0x1C2F682aca1a3f76d5119b409eD49cFfa17B52B8,5
0xE401d18F6F835C12CA54E54a2f16A802b651eaa7,5
0xa553ef3500AB2d02A36a3a3C216999EcF7FB6B98,5
0xc1E58b75c7117F9dbECdB9CE07165eB5A6B25B3A,5
0x01EEd58c962f056e594D18704a3532f325F77B0B,5
0x4eFcE9789aA3471B17A3DfffBace1C3Ab04A35b2,5
0x8613F05CdC29B4A95CA1D6a7A67608aC013a4F1d,5
0x91bf28E62b7752097aFc4aF2FdbD27d0B41f778f,5
0x48dB90c5b3876a7E49209C674Ed01300743FE1a9,5
0x09AfF99EC27EbdF22318AABBe2Df9B29a8EE96F1,5
0x46EDcFa49bbf3E3173c02A077937C9df4D48172E,5
0x8E76515D75032060610eC0F518e63a8596E4F297,5
0x9e3D381facB08625952750561D2C350Cff48dc62,5
0xBd9F1259ab34C33DB4531798F542c11fB9B4E979,5
0x8ae06d2a588F6A507E0997dcfaeBe5ccf6976bCC,5
0x1E2A10aBd87275089930Fc2805E3996409Ac82E5,5
0x241202A851dBb3cBE68a42Ac2c7f11aB2628a5dA,5
0xEFDf8110F7640aCeda6413f31E4085BacA6a105F,5
0xCb15DcfdEe8a7a2BeC8561d33625B4FF7968baB4,5
0xE715A356136dBC8f8deEa8CA392D6643a06148f0,5
0x2210fb59A41ea6F1E1Ac6613C4d83a2Bc74d9A18,5
0x7E3E2941E635fFFF0564B75b773E23300c3e9475,5
0x9b0223084D36937E45b43CB99941C701be502142,5
0x90EB7213Cb30Cb671f1057746d8139C5dcf9B6d1,5
0xd6D662c50fc1e797e488F320c90e563B5017C5bC,5
0x537b2671238Dc3db1352668D0F4f4651da8ecc6D,5
0x666CC1B2f91847eB2EF6bD3426a6822016B363CE,5
0xb27B9F21A94E358c229C8c752eD4452EA529292D,5
0x5647d0208571EF91adB9d91F49911632fb38B6F6,5
0x0553437097d58d5DC5584F4622f8bf756AeBfBc5,5
0x83Baa01051103079cD885c92d8425E6F59b05188,5
0xBA290105936A3ad688890D356686d8cf92cB6cAc,5
0xBBD16Fc3aDB216d12e06b0Dd456BA2eE3292e3CB,5
0xbBB82B40167b7150fBd864e1Ce03D752E2056a06,5
0x45a1FE688c01CCfd4606aC31D1F7b10FE2aa875e,5
0x1D11f91A6d3aE1ee54faD4F5117901e3b6314331,5
0x247E7de38627705bceE9dbDA1289b9c19401850f,5
0x73493ae0F2989EFcAB0efb3aB2c5224c57CB181a,5
0xf021788bc8C958d7fa418eB6325cC74F42825300,5
0x350E52a9bb35D017FafdA37254363c5d24FBCBae,5
0x55e5564FbC6a3bE8C9A911Efb902292280868351,5
0x38afAEdb78E2A0018860b06FE231292184CA14c3,5
0x8Da8a63717bfC7197DBAfef29c6a379dA6F9018a,5
0x6F441A5c95b890310D47F58736C1F60c5BD56073,5
0x3d4FbAC05963165cD00aa4F500dC77638F29359c,5
0x9A1636FE4634537aeF315b26F914Ac53345A50C9,5
0x4a1ccE6028734B1f18b77A993E68eF698D262438,5
0x6e2b57d73Aa589387C5268D4Bfa984211cB465a6,5
0xA6e1330f63E4946525FE096Bbb5B172701F33fC2,5
0xB5Dd16F777d836089De26E03C0F0E03DA7B9698A,5
0x525F781658C4e59e1d874058f498b9d7dB4A4A6D,5
0x94Bd78b9a5C3633Fcf1f64694D658d45c4c4D1c5,5
0x7d46361468F88F811fd99a62621863481DA78f77,5
0xb156B83B38Af5D579816fcC97b2CBa0aF1E8dD1c,5
0xA444306Dd05a7a86E21D5a05B2cE90fB812134e0,5
0x7f0f04F72e068637F5e9a39c3e89a194da55D86B,5
0x6A037b9B16A88BCaE5614D5221991B423e90A315,5
0x448C1d47826b9608ef2B43f8E5aEced3592CC04f,5
0x421EBBfa39879C05a0055c69a7dC2d63AEDBEF84,5
0xB772ad4d6F1AcCfd91BEF9b7775ad1599BD51678,5
0xBAB8a019c898641c7b18fdf0035D0eBE189A29Ef,5
0x378f3a989f9466546b9A3419Bf06B84fa7B5fa43,5
0xD4C50b1b85261c17B45ff112041672B152dE80aC,5
0x11a4e2bAbb211513dFD3827b84E2833997C5091A,5
0xb0c544b335fC84f73e1206e33CB6241DAa78a0f8,5
0x098Eb7A11cEAa5F53022144E9A3c15604300fFb9,5
0xB9DD70c126EA5f536b9CEF3d7Ad8725AC7aD2160,5
0x11eD207793301fa1073936d1f16C4b97b28751C9,5
0xD91E846F91f7a547Fd20858702F5378873842F3E,5
0xD1Ab14A2e7a51BaC78E37bB7C5637ca2e3C8756C,5
0xE776B4e88b88d6b52Cc9AEb26205E004Ac6655C7,5
0x3eFbFEA3E9Ec92A206ab1AFc653B5A369a509E6C,5
0x73A83072cB101C07E3E2325B5233198bBD0152e6,5
0x2535554669C156272Ee44d0039012AddCb611ef9,5
0xa2e70489d1d16B45c9cc7Ae96D01c8308Fe79fe0,5
0xf705Cb1501D04462aB7FF142F1F0ad198175725e,5
0xaC279ae2dFd8DC2c600b8eC298AC98298FBF66D7,5
0xc5D73B410fDD6e237d696638D48FFe607286b62F,5
0x621ABa8bC0d8aBc56b3a0699ECb22d8A7d1F1A4f,5
0xd0B6B13546f28AD8a083FcbaA3DC174fFBC46B75,5
0x913197D997134ACabf3487022E01be4400062C0E,5
0x277309BbC77a86f5a4F79dfAd75B2B17000BC3B3,5
0x6dcB2ADc9781f9aD4a56653c666D4A6Ca63fc564,5
0x999b98242f5384E225a02aFceBb5Cfc817559e65,5
0xBe84A735BECbf554c53934FcE9a28C4161c42709,5
0xFe8fB6DA65918cF61e2FfD7E08FF29CbfCF08D68,5
0x6773a12f7BDCB4410D994fFE14B3F40b10eA2BDb,5
0xAba9FaD0213774FA1E58dc1eAa1417394f748a0F,5
0xD1908dA667632fca40B497a06E86cAD9705cD2A6,5
0xd805511d09A81968085eE7159Be4FeD6DBdbdFaF,5
0x0332A05C57a3c9C56F06329fef7B12f30dff8085,5
0x1F5dc915ab940c2b8f357389E0A6F202E776a15C,5
0x31Bf1f7F5431e6D98Fa69ADEE580B3458fc0Eb78,5
0xBF44eC8C2c3afF14eab5b09F29958746088bb87C,5
0x704bb562d19e0E34A3e7750e6191615FD15A57e5,5
0xed8311EA6f1132A67696F20790d68fbEd2697e55,5
0x2732056e976f5cE48B68c54cBc2FD37CF00d9c24,5
0xe5e3540FA0976681255E4ddB38c0cB2f9BBFC47d,5
0xA10a85F40cB3950Ba229A0cDc0C843eaC5FEaE46,5
0x0491bF6C7e91BCBbC12FB3527E99DA61f94BF5CE,5
0x98a96c97892FBFDD7C32AA3C8cf09e7C94F5C888,5
0xb16fD9113C315861b0E543c075400dA90451CfA6,5
0x14202861c2d5C37ebB11aB823cAb6870f9C1E268,5
0xA39386395d449c66e6E7f74B7c03041463B9d52C,5
0x51DFC6E3519e0F004EDe2fc6f6165019878D86bC,5
0x7a0FB632f86a8C8236aC8960b3a9cada3e7E0B30,5
0x5Be10705881C1647Ad0d1C7ed57cCDE8ccfFAC25,5
0x1d6eFFb99AefDa59165B7834e52D365f0bc4aF10,5
0xAdfa6eF1D6223225FEb30478601f69105010492E,5
0x2344F7090D5C378cb76eb804D73acb2e8b3d6e02,5
0x0413B621da3adD63B35a88f9C7abE1521DCE587a,5
0x233E7BB6DC461B87d90825621a2e9fE6eBF76521,5
0x8C58C739cc456091C0D1CeE900988059b32F4b19,5
0x0aA0f8227db828f01e127DC936ECF96C38927dA5,5
0xe3bca6755abdA45f3f1bA4815103235400eeAf63,5
0xAefCDA6b2cF4EcC7A7E07099C79a729a7c8b91f7,5
0x8A55a349CDf78855B6da999eCDD48F0c6B8f9E57,5
0x342C5CcE2cDdA07365c6f23B5E91ac9F9Bb70cBe,5
0x407BCeEd4fBCcf73aE56C05f251eDB80CbDa31a5,5
0xe6907F0fC285b085af5F052D3c3D12A4cD0Be7B9,5
0x88B0BE658E72C5518B37cE0A5625D3fD494dBAFA,5
0xcBF368bB3FA83d9b0624D3f83998b0d953cB4e61,5
0x435253d79F4bfB6ca2AedA026B02327b8DEe03c4,5
0xc86BAc1Ca428C9004893A7077adcC9A5C1539DDd,5
0x39E9d92CFB2E39D71641EF67673fbeA4593b1318,5
0xEcaea869bAD0A6c2bD0b23CE39F903CfcF002b1d,5
0xC0Bb6EA9c12C5313b16F48184deD687a9e4bd714,5
0x7f5c7aBEd94c6eF4DC12c32495493e13787Bea9b,5
0x39ee70CF4278b765f9eEE5BE9A09FE59f76Ef77D,5
0xd27C809F564d4F405669F802931aa287779697b5,5
0x528A922e7eC5FF6b7ad9C5352fEc29fDb1a36b04,5
0x9A2A467796ec2761E7C5d15f6655Ced27De1BEF7,5
0x2FA0dB556Bb6F400A295c19347565c2B65729857,5
0x9D2Aa2571DA4Fb680EcCED0F18192A90D9757952,5
0x9679D527FA4bef2dfb5d883a8977FC69a2d054fE,5
0x3e2f18E12fa3DE657CE80e603eBD120443D77523,5
0xe2d70F3254Fc0F2F72E933191737d15c4907D6a2,5
0x6E703F9264375b88791c958053Be7834eD49d769,5
0x4aaC28b42d754b7418B393263933CAbFD645b14E,5
0xa6498f1E08cCb9BCc688f6c386B4d24aD066b71D,5
0xaF1B2a07523D4Ebf6e6835187ab896D31E177eBB,5
0xECeC63d08056F157350b2E28BA17D2F5C2a1d5Fd,5
0xb2dbCfAa57B8dfA9bee8615cd774606c205F508D,5
0x2768CB5E7573D3e9d8bc42F753FB2B30E89DfBC7,5
0x876A1267a2870865C973714B7FA6cd3623cA10E2,5
0x29386425987e56F33528aefc3cD39d61080b6533,5
0xaEF1E5ab36D4f9F7227Fb216f0107F05CE2B1967,5
0xf2d3d8eF66B46047a3D601b5ac132dC1F0185116,5
0x99b17456eD9C3EB3E2F4f292bCB515F8bb9F4640,5
0xD7b14c471A5Cd2D94b3F1a36fb4A906Bd39FB5B0,5
0xA0DAF9390F9583CAa32AE2D0d32518856939001a,5
0xC90B186632Ebf5f6235c7A0D0b8C6f693218CC7c,5
0x368AA4516ddec947827D3edB556F81c00E0B748a,5
0xD862aA9030946b1DC25e3F6aCc7014f963757206,5
0xf88f8289F358167E01e835a54510Cb0681d10376,5
0x9046DE77226c18F601bCE7e8f1b9C1152eA263e3,5
0x156AC784BaE328f6aFb6403460145BA8B029d3b5,5
0x4bd78324Ba5a88c8b5eC40C44b9AC33edF4BC4e8,5
0x5586DF6D935831fADD0f443730b19448c77872a4,5
0x73b492BcFB819DE96276F0994e5957F00909d631,5
0xae2a00d15567FfD8a3d01a189e185e11dcc0B594,5
0x31467369A0FD7723F1640111CB189ABF7a125F9f,5
0xB2746D303A0959073737c5fa2ca32877Ccc9846B,5
0x711cd2D84c9329C71C1575C7Cdfe185E430F36d1,5
0x2E514978a84227D04625D560da4D33f09343D122,5
0x4DA04Ca44eF0A105f159ec8D9595423c1834FEBE,5
0x7475240367D7dECCC283Ad7A680e551213AD45b5,5
0x59cdc9C838B10C66B07B4D35A1aBA2f8FAb90b06,5
0x73d2a51Ba95F1E05fb271b3F4140617c2Bd9C691,5
0xA8F72Fe2fd3C892d65026Db8aFd47E738c4C9192,5
0xf2e58b9e1b8991DB841FF1f845f88B087b161C8b,5
0x000F93E9C5787F25Ac6FF697fa172257362afDB2,5
0x1A5B9A64189F54BBD3C01335e60C56c027fCF633,5
0xc4Aa498De47b3591fd889A349dA1D4aD87D0ef19,5
0x63b6206f53954E123f5dB5284Be4bf416Ed56137,5
0x4A07e703180593D87124651774A669a03A2888B1,5
0xEF87243Fe29c2453F87549e02982108a3B832952,5
0xF3F3050DA564545FB5dd7B1eeA1c8fbee17cd166,5
0x6bE6C401398F5578E5F3c494008C44dB7DFdD29E,5
0xbda7e726F0d81e4CDd94D7eb670DF758A153Fdd6,5
0x71D788455417E61bb62212A62af6c092828DAbc7,5
0x77723aCd8A8d93ad2bDB260d79543A5C5C0b9086,5
0x0D33d24eea04a3F776733cDfE2c0cDA228E8e7cE,5
0xd30E17a73A788850A3a372393Ceb0036406467c2,5
0x2C5ef0d473A4CD848182d6595F552500D05fE753,5
0x656b773EE4c9A8e27f6Fe41Cbb99abf9CC380395,5
0xFAb9933Ef539b812A17E4206B314147286cF2a74,5
0x3A9172844e37f74ab2fd09C9C48Bd40011c22D62,5
0xf69FD89fdA555bE7F594286EFd4Cb2F9C00ec0d1,5
0xE8b1EF36473Ae17b2f9236F1C19f99739bD969d1,5
0x285185692c524fc3052e1706e0b400428e7F165A,5
0x93859CC88a09Be9C1bc033d435F87f305Bc28224,5
0xbF77B8a74Db0844032cFfB3EEB487FC500765C4e,5
0xd55fFcad770ddA1f84A2B2732e21cC7568bB8014,5
0x4c1eFe9Cb913fDe7C5E9Cb8DA70bd7fa3100Ec88,5
0x1E456CB9fbE87d5bD577a49766CBD81fE2e753C9,5
0x9Bfe5fE7373C4BCa5a07EDf9a2d4D9B58073D137,5
0x3441c4aE7cD4FDEfB0F6A2A4edDf423631CF6fA3,5
0x0754F1Df5f57C969E82a4E6e9d1f1c7D04Df7587,5
0x42F826A51243e72DE658eb5274316F13163A9d84,5
0xAfC26d84C9031Bf0DF1e93A4BD6954E7DB561106,5
0x264cfA764082145FF75f49AFc901CD21281F0747,5
0x85EE7B2f099578e4d4a4358A60dee344D02b2F38,5
0x1025782a4236152A7D603b8040c9eBa6764d2F80,5
0xd1c2c0b70aFb8F3C207642E7c9Ee3c36375A72b1,5
0xBDeD2929056380cbDAc076994D009c193e9152F9,5
0xbF530634f854038ba3Cf8Ed3a0f9F1c5D78DA3C1,5
0xA90F95BA606bf52dB50B1B535E62a5020f4BF9E5,5
0x871e3150721f76cC91899561138bd731FAFF9FeE,5
0x556A257F8Ef54Cc0ab7EaBBfC74302047F528A6D,5
0xd43BA4193920dA3A288AAf3400dcb5be62fB1dee,5
0x490b0EC983791be8AA42b415b5926373BE83F431,5
0xeB43FBb810A6EF591BcfBDA9Cd5E8D760A132ab2,5
0xf1D1261b4b0517D4CBcF66E6bb6aDD67784dFe80,5
0x5A6E9F6230e120dF06114cb363d56C55A9D25023,5
0x8f813A22564DD5D9b6bF893B154445066141d4f1,5
0x024855A445821682187Fb2D4ac2A1Bcee3D3Fa9B,5
0xd3De8AC3a69b758418130F04EA289Ad20Ba59d48,5
0xe74d20083455d354708D67d8CcE31871E0a425F2,5
0x72BB00D97124D1Dd69C4257039d09dE9a5F6A540,5
0xaE40947b604A5861bac432F7D0d52970B6c08a95,5
0x91D83694cFCA6B51Ca6b8E2E2cd087fDc6a5E6A2,5
0x1e8b7D2B03b79e2794A03cD8dA77Fadd477E88aa,5
0x26DE5c837D60f5031E9EE44Dd96a367712B901d9,5
0x2A3B5F7Fbd998896D26ACCD9049312F893AFC931,5
0x51183dad4D37607B2E8Ce31206CeD74AAeF14bD9,5
0x137621829c4293Af4bda07aB0D8935c5798dEa0a,5
0x37753b139C72E2d0E409D0d26BD492Ab235cC01E,5
0x960943A1705163de7E3c07C764F66723198c5884,5
0xcDF230076b0d02c18E10B42beb974b0C4213f5F6,5
0xc8e27bd06e6B9B31e716fA23681AfBadD75C1f5f,5
0x6e1846D3f244b08D365Fafca3f2Bb5F65D91584c,5
0x0E6d06b1502fD3Af0c2fef684AC01Cdb74ae2AE5,5
0x0DE2d65f2EeBfe1e5874a83D74bf5Ad483CB99a0,5
0xc33Aa8490F5fc9e837cdE0068e8CB87f1BC030E6,5
0x460635D1EDaf3d25B419e3c4AaCe5c296e4eC02f,5
0xDD18F27DD5914aAbb6b1C206Fdedc405E6Ad902E,5
0xEFB9993d5381f5a79E49b2E1B58bcB35c6F30aCb,5
0x3A129F0F8ce329A7bd65716Dee3a7eC6464e0f16,5
0x3d0F545C7a21883e32900cE23419948ccf9d12D8,5
0x7F76795Ac4fd381227bB42A9210148E2De3da860,5
0x4F64C6b8333F74890b0ba0AF4d480d8ecce01e17,5
0x2e24E4cE239f8A2988D400687d2cf5F542616d1c,5
0x7508bBFC821656B23a2dB9BDaB0bae8B52cd12Dc,5
0x3B67dB57C77FDf8E57f9e235203bD216D0180588,5
0xf481Fbe9844B1470FA9587F3a2AF2056d8B59437,5
0x374eEd44354Cc24F0D65922Ee24A3d8045545f70,5
0x85F24470Cb355D54477604cCd73ACc3f6BfC4779,5
0xad0968Df114E61e889B6F45Df609c3FdFf09Bdd3,5
0x8B139211fD5f39C9f4943D0C2039957E8609e960,5
0x0b55f74C102b03976e94f11bA7aA42f1e82b6239,5
0xd4fEd4E1d0573FcA5E2AED5f44ed68eaB6B26d95,5
0xFcDd1958008c13b52217a60C58bb5871D783E19E,5
0x8A651D64E05E1Ebd6612e36ecec5184F549e4106,5
0x22619AaC6Fc9c23d12225815793CfcfB30bBd540,5
0x54545AbC30321f464922ddD070cf0FcE762504a2,5
0xFD66FDc68f7C8970D34B080565986cA640F18B35,5
0xeCee211d2726304FC38A7cF9e51A96E24AD5dc23,5
0x225B748aE62a41018089B241D158E8d6A722AD1E,5
0xF8E5fD279d077a7471Adf2Db84dc64C4145b64AD,5
0x7A17776F582d84B0D29c1b69f881e98205C11F1E,5
0x1B7E61ecEA3008B18B5Af852e2caB0bc699d0E39,5
0x5c19d54D5548f3eceEdc53ae8711A2eFbb194a36,5
0x392DE358b4463CAF7c1df09B3c0267a32B8D6C5b,5
0x2a105CBCbB2b7E0fa08131001F8861bB09A21e1E,5
0x8b2244bC61c64c2F5BF90D43C3B93ec73C786E3b,5
0x3402563914457ec6572Fe2892b30ba0C5b89591e,5
0xFD845e60eAea6c960d2a2b6F490b53D26925D5cB,5
0xdf8C014A6b68c66d5c774f3097EDbC917944bAA0,5
0x35cD01e0DaCc4895A3aCE555FB3704D8d053C50f,5
0x7F2AD3B180a2724c922a63DF13F8BFC7fc36b685,5
0xCCC15d2EAdf4aD883C916b2830C64F029c1ED404,5
0x4F80B5c475fcEd34fc9A07FfCcF39E1Adc1406bf,5
0xa225Ce1f73Bb42eBfed8a90644f1278aA95d6C98,5
0x535fd5b4E651eC0d3db639e98FA08E61b4C148d9,5
0x15Acb8DBf2E4aF8441AeBfdE69896bBaD064cF5b,5
0x0891FaB9EA5688Fca5Ea63Fa5361ccc3ff47B451,5
0xf18781657139A09dFB2cB8f9cFe75337338af929,5
0x9Cdb12deFD0838E54b4d1EE3261EDe601649E634,5
0x2F199AE0aD0b265E70FdA8182ff3cdcfc479f767,5
0x754D49Ababe87C2841FBf26857686b66FE1F0b2A,5
0x806ab98B2CAAC3f543d050373972d43a4121827c,5
0x658191594cdA88744d8158813029420dcf137A32,5
0x138F4087af153ad4e7e65c905D949865655f7308,5
0x8187516CCD85CB86F437f6D150e2B9F6CbeA8F07,5
0xeABe5ba1496393174b212667359d8FF75BE573D7,5
0x30DD52aeC0695472230B93e2C9aBf6d38213eD05,5
0xFe841F32ABBD8F3688415c9394961fCF7f25b4cB,5
0xA0cc04B4356B7b8db816030E8bf1977bBd75ECFD,5
0x34c7D0638Dab854c7246623575B7839031b4fEF6,5
0xF7d36A57Cbe154fd3d9134CAC44AB49019180E12,5
0xF68cCa2ACb3C59371c28db60C6Cec55119d03C34,5
0x3A505722A21c66c3143BBA976Bb83Ac82AEBfB48,5
0xD5D6e9d47daaE41567Fc61c33c3Df83D0D6a54Be,5
0xB0D65FA3C6B200e6117eA6608D3295773Be43380,5
0xaf0bc4dD178EafeE0D26b4E453F071D0BD7b9916,5
0xEcc875bcC297D55a87387eF7ED440035051348bD,5
0x772d5cBd2582EdCB54C0c214bccf25e044cFbCca,5
0x4AB8CF42EA559669720CA3cb0265CDddB770e96D,5
0xD6E92E68c33fc6f95b3070D07B48063E9B8457eE,5
0x0a534A4066943A70eBf18a15A37FF61E2d592271,5
0x9A78d13f9Cb57eE73685a6c792E26c8dF0970667,5
0x64Bec522dc88CDAb0D114Fac2Ce42d6Ef7D8dBf8,5
0xd83492467209B2fE000dB2CbF8Eae6a9349Bb563,5
0x2d71246634b8A095714e78d8f1D6BE003652485F,5
0xECD80553022E97804c85DeE2C0DaC59C1a5FEE22,5
0x10495E143d79296d5222497b7245294dc9e2D596,5
0x6b5d503451510Bf3945C541D01dA68C981f9c498,5
0x58a51f8d274B639101155Fe79Dd26d16444F9d0d,5
0x0a8841c8451F59FDeFE4A41e17E9e4a0B61c8813,5
0xAa08209FCD6ee8970b2D5F3Ada42C1E0f7D0517b,5
0x72B545724f5D9cF8076FD2b915d9F8eF14c81dB8,5
0x9cd52cFF672999908b4D50C22F27c4d652b4bb96,5
0xCf826B96C2Fb888373A77c3d327b3F19aea01a21,5
0x97AbAcf54bAD03f0Fdb5a9aFC6BC48826d2807Dd,5
0xAb58368030B5cCdab8eE94d5F1e626E75F546A3f,5
0xd930CCafDbD00582D271F8c70Eb7a6ED9aE59ab6,5
0x9aAEA1C9093Fd9524cE54E64aA8dac40c7957c81,5
0xFf52BD11d5312a61ec13Bc01D038178f01C0E999,5
0x46360e8AF2E7bCcDFa2874034E91f5a1fc785912,5
0xe3f7ADad696F3864edeBbf1cf3B80279301edF91,5
0x6A0D579b887F17c49E39bF66016024719ac6f35a,5
0x7199c101324F3Af4E1089AA865f7D358696A8acB,5
0x09872Fa1d78dd6E879f6CB0A6075324995dBd581,5
0xd1a5b91957530E1B3e9cfac1543467C60c352F69,5
0x83eE33564EA39Cc2152baD87F1D0d464D07FA3aB,5
0x86c16F44BC75851a9E2E16e28366aDD78169fEA9,5
0x054Becf10c79aFa4e60F75B187837bE9Fb83867D,5
0x7Ac79c369a3585B19e068578d37916259E497616,5
0xb4F63e9569e94b3D60aE6f5ca09D2988fA820596,5
0x1b6A83F6fcf3AB0879199350f4556AEcf42A6180,5
0xE1E2D5952A6a1AD99E80F82981ba5A5D06BDeB87,5
0x2466E370af5073048e730D9F66d7fc25643c2674,5
0xC40dd2e85459e841021DD84F550645901aA337F9,5
0xae177ccc085F1e68F644E2C34Ea629dF8B58428b,5
0x40594F31B9F2939851fBE64bFf6dff996c75Fbe7,5
0xD38cd7340281dBcA93Cc21C108F646D8626a03aE,5
0xAB7b33cBe422E1540F68c298aD04E74654E067CE,5
0xFa477822a5E7cF7CfC29eCdaE58B5520679dcf4c,5
0x2E41f2A6534b4C8aCc28a8Ce75B21d6c0f25fca6,5
0x0A8C57Bf42f5e5d5D3558891148Fa03B9B177F08,5
0x6330854645e35a9cD1f11AAB51A403988E2268C9,5
0xeb19BFB054173101087390C35DE06eb1eFf4C1e4,5
0x1faB4c33EB61dD2C60ef16028Db90ed329612fE9,5
0xAec1028a1EfcC54Fd702A6fB409C27acb6f71041,5
0x1296b0A992abc44675fF6800Dd86696DC9366490,5
0x9af6f946d80590E67E16eEC61360E4A7a92c76B8,5
0x161b1d3aB6cFd2b9F42Ec758FD5a9CEbD0808952,5
0x8AB6647070bf140Bb261aE834deBd9F1a8cC53CA,5
0x664589392366694cE95D77F8adc1301DF502D457,5
0x137B1E43816d6A98e1dB439950b5565dF5FE30E6,5
0x540080d4718e9177670DBFB0eA7DfB0fd530aEd7,5
0x3c866A85DD65EBB9F61486E2E732E348b797e20C,5
0xc1378800C157Af6B4010C8718eA9Df7C20205ecc,5
0x92acB796973a3F83efB8136BA1289ce288589553,5
0x701b64892860EA8C84881bE1e21c8B3Ea635206d,5
0xb6a6fc7cC5648e009e2A60218ac28E7F40D38DDf,5
0x568Bf5e274B1C46c50fC4D7c6DeCa99411452d20,5
0x932FCc61DA3bB0b1c78390B98BbF6824245C6879,5
0xa2dE1f9402194aaBEe1942f9628d2CB283272681,5
0x34BEDE01602647A5686a5e8699D3271c3aecC03e,5
0x725a25AC994Ec1DC6E1174690d0118A7471DaC01,5
0x8FB742eD5C7E36b4863aF92D815561Cb6D4Ea4CE,5
0x30cc26087BD4d6206793292260bDC875E2b6A7a8,5
0x596de772684eF00067eDBbC318D42F415c201Ba6,5
0x3ba93886A3b35d53560f040222d231E5bCEBf43A,5
0xF8b41d45415E0620EA531cc174caE286898ef135,5
0xA2d25ADE4917e2d8b7Aa7D344AfcB6c33316122E,5
0xE9f00488302019FCcF7aCC1a478Ece666909E8C4,5
0x46e5fAE6F86DB953B1fBfD7EFd2d56B90AF16876,5
0xb07Fc14644B281A4F78601b121B2eaa209636382,5
0xD334AF6131b2AE31759229FE485405A6dC1c1AF5,5
0x157Ea7465237654286Ba3FdfAeFD145cafc8859E,5
0xD38bEE8aEbfb13B1E00cE99c95d0F2F364087bB5,5
0x20CcD33e3F2578011598897E932F3E0cb975a5b5,5
0xbAaffC86d1cF8c57aD8B9eC86849Ca657d1Cdf69,5
0x0d35fD6928CEd141e6aF4F5e58c02C79aEe7a9ae,5
0x8290326F3d2A01659996B0DC1638c3374b49BF65,5
0xC0BaFC6Dd13319fdDf3d721e99965B2f1fED512c,5
0x0e4cEf5536c54e59536444ec72236298c3163C01,5
0x4dD7AfA9C43Ea792E5da4C341054c6435c71c12e,5
0x7c84Bf06d5a2d5D7f5d08045340334c73ac0Ee59,5
0x3Df8B98412AcFb93fe8f209CB54f27f18AF4400f,5
0x1998f627ad0F5904165b1796c4b111492365Dad2,5
0x465c63680F2a0B4277d9b4CEcC3f3310e531A77f,5
0xbB349E9ab18d8c742A8206A74e2aEa7509C450c6,5
0xC1c7474bD53104B9da90BbceecdeE90ED9269ba5,5
0x4fc0e1BaFd06f57aE67c0145d50619Aeae946986,5
0xe784B14DeB9f925030086cAf590C61C6d52e4dC0,5
0x158FDaaef6c94Ad20E71A22ba12528d4cBf67561,5
0x507303B99c42F35058B00f6Bb507cB2b094B616D,5
0xdaB72794e0f02D5E44cCD19Cc72C4F763fCe837A,5
0x1226FF858C262D499AF401145BeAbebf3312e856,5
0xd553Fe129584198F36DcF6e54Cd3176Af2d5BE0b,5
0x2C21E5bDF5A29C6D6Dc89838C4815B539f9f8B89,5
0x656b51e1CEaD1d5C2dD64fA68A76aFB7eF91a528,5
0x560545E7f8A76D47056e3928abBF44D4432afc2D,5
0x0EBA3c1E84866A65D99B116b2B3EA4529dA8916f,5
0xAcdb39B36AF8B5AF9394d46258FAdbAaC5da819C,5
0x73e2c05993CeA8ea798225C57ad8966EE757dDF1,5
0x3B3FC24d1732e4593CcaBCe3A89B7c25102ed3ce,5
0xd3932209fd8a5011931334ac99b8c6D526E035b0,5
0x666D254B723cE08978EFA1715978767E23Df6126,5
0x5f20a0eE72Cab0162479874316fE6c199a0D5b67,5
0x04c650b361A9f9DEcba87c6b87db11a67bfFcC4E,5
0x1d2622961ef6997Deb6B4Ffd3a81627A3Fdc13A5,5
0x157e14AEaA74Da672E1C6C36d4d86DC29cc436Cd,5
0x91E543aff088216BeFEB4A9487aF7C76ec4BE135,5
0xA9551E7424127648bbc7EA2b0dC78F8C6e023005,5
0x11CC9F4bAf80410128538ee0E60C5390F14be7A9,5
0xf10a487476a561d04fD36e3B253ba7f105fC2736,5
0x488B16a895f054D2b16c9F9fbe5dD8e34D67db14,5
0x3D778E3562D31D095c735249DD98A3e0AC259780,5
0xFe295B043212b3fdeD84321DB8e8E7F1F4EA055C,5
0xE536031AE77Bb8AcAAdAFC15a1881E14Fd00d87d,5
0x9b0AC8F5F8BF8cC2CEe77bCE4178b26aCB676e27,5
0x70bBF6520a8e2ba7828f34D38ba398d165e43DA8,5
0x729018201f98f2441c9184F121dB396545E29209,5
0xf1f2b0BDb8Cb3da9820886878C570Fc96B954Ce2,5
0xC69670ef264E966E80DB87B60116cf4709CF5596,5
0x2f4A5C2845F778757CaeBa5D50bcF18dB9110F1F,5
0xeaDc3d91F18fb34fEBFbCFb5203d05b2D96e52Ef,5
0xC85b2C5D6c538Ae04E4Fab12Bd7A10a90FE68A43,5
0xCf8FA8999b4F14ac42CD2BE3eb7633bbaC80c25E,5
0x58326140AEFF1011485D97C12921156eFa478557,5
0x7393Ac3381926D959842d5ECFD5Be7219239365c,5
0x4F2Aec2bEC8127298C17BC006284eEA27d83e87c,5
0x10Fe3b91FC41eC89A8Fb500d5e7460F6a0d87B4E,5
0x81b692500059620b22aae0eDfb836CBd5e876E73,5
0x7EDCF5Cb7f1c1e7cE88A788e5b065C6F4Bdfc129,5
0xC0aA9d7968E8b83a9E84364fb346830F30DaF65c,5
0x68EbF77224CA02117134004643F97BFF175B5095,5
0x83c868A597e8973F45013457c1D90529c8953226,5
0x7A97279EC16859E515964606871547F8e0Fb7F38,5
0x2220aceDAfBC83525be5e2a7e2427848f7EA50A1,5
0xc80F5686e479B3693A62f10a7016a226307Db85D,5
0x0e75EABd04986a8FB0b8CB30D6dd069c86E5E142,5
0xc0882631627786eEA84a851F66cdd1c0a070eA28,5
0x50b68702548fd2BFdE1C4c02129CB2cE7067b2c4,5
0xa5F7A90bAD45094aa676f81D580D8B93284E8506,5
0xBdd144423794914AFC4Ad10C35af1848b9Ce288E,5
0x8481f52600269F7b32a0855A98FF22880A426228,5
0x2C32C167Ac5205618D831e83517571955F31eaD8,5
0x6858A1e8a94D94349Ff7d3bDBC15512972B5AAAf,5
0x27bd053afA71C286C024be7B468921C8672724D8,5
0x851925CDd9Dc031df1257Aee4FA15Ff7c269ecac,5
0x5bEd6c1FA76163F658695BF9b45582a7632c3679,5
0x7bA235cA4E0db99BF89cE252F25089A1Dc77C378,5
0xcB15649D7B7a1eb01fb1ACD14809de6cF82Aa1A0,5
0x76365F27a33296951De6207a81eC53d5305d06E7,5
0xC18d2c4Ace8A9C461594aFaF3b0a43B40d31e7DE,5
0x383339A6125BF0b0a7f554089e27F89aeF362F23,5
0xcbc1C9b2D69f24B36A927D3E6276bc627Ea45fCF,5
0xA65d63E5ee42775262F8Aa3ff8dBe90a346307F8,5
0x78b8A76BEa31733777556033e2a116df66C4C41C,5
0x46b28696D72c06A69c439A8F4F358E2f42f1242f,5
0x16781927E0A6e8b51afdC3472146411A78d681E0,5
0x3927a22234B13EaE0E17f484b6D574f90e521E19,5
0xCeb59771FaDF30257aB82dd90b3ff76Ef996b0B9,5
0x3a79262632AbD073bA445aefDAfF1a5488e20B70,5
0x073bd72a224946a368148399C1c8b558605D90bd,5
0x6C45a98B88b48026Fd7bcc7f21D7C35a73c6ac99,5
0xb4F9B59905A15b9344Ef921f1584de6d59236C57,5
0x3B57573E2F500e7EED82105abFC7e20b9E3f4FEc,5
0x37d7B8F7C4305238E0194466530D3F376cA2A166,5
0x71054410C981EaF47B31F01980529afb6A407984,5
0x71FEA65e986812E5CbCFBae136a6550d8B204534,5
0x9f88741448cBF38589D257FE7960758fEdF8848B,5
0xB2624d42D853f2fD846458723990Ab7899bb3f30,5
0xB0A3c02d71A22337E7003C67F7F3d630d5490561,5
0x69e4DB06Cdbe6754A999DFAB0D840073DA5d3380,5
0xC18C40c0485EE197Db468844498A5f9B73F524EB,5
0xAa2db7323a4B9d4ABc6462370C270b0fE7FBa003,5
0xe35140386f54949228bef10595ceb6e186733040,5
0x9A19a4a611Fa3A0640Bb6e542F23099541D7010b,5
0x98F5F0Dbfc9bb8Ef76219Ebf40f2e9296213842D,5
0x0dA6Fcf44b0D473d45A16e12043eE68884a64887,5
0x472e8E3421e5E53F392C876e7D1DD02ec2CAE094,5
0x09600a01f7a5D72FD29565793365b98D0E5E8d34,5
0x697b4459a81Ef36212FA83cF72cC572E86C50975,5
0x046Fa360B57D93fC37a8E427b3E591219844bB27,5
0x0503532B8aCffF46664d44A4C1969337861F2536,5
0x1f384Faca6d599A0BdDf7df68a9B37F5b89f8473,5
0x003e7b75Ff09615aD4a6f763dC7D28E48eD513D9,5
0xd9cf6912c1ae6626F83f28D2549Fd35c04ebc8bE,5
0x035c7D70BEa6E33Ac81ebAef8F8963187B50A5dE,5
0x4F29Af06983346Bab330a1Bedb9386373Bb8bd8d,5
0x8bd339A19f1DaD8dA4d9F8dA0db71b95De3b628d,5
0x11Be2feC0fBE63DF54C7431D0342cC1D79DdC851,5
0x51e2D90950B963c70DAd87B8d5bfb1a24a8A8cE2,5
0xd06AAFd7430BF6c09199FA2c8ba0689EF4E2590C,5
0xCdBA4759c345a44b408795B5284886ddF64d4072,5
0xEbfCdAfebb8114aB604332a32a4A07EAA9ED5Fc5,5
0xed0b27FFF7915E8583Fe82ae88eeeA640209CbFb,5
0xcECCD551d9EcDbaD970195008030e7871629e456,5
0x9AeE301D7B11a6dc7293B7b6ba5f11cd048590dF,5
0xa3ff56113B0942aa3734490999ff36c98b6023C5,5
0x39713511613d8399776d35b55dD60303f9C55553,5
0x66ad060284288905C2fBC65cd7F9E712366F1FcC,5
0x7ACD9fC765Ef2970A181CcAAfe05433FF085e4b9,5
0xDb9C1116C70B478c10aEe06A73DB749303Fb2Cae,5
0xdD0E8bc42f6126D0D2585b4Bf07692D9B172Fc77,5
0xC98C8a768f376eF18C0F1bcAC42b1d2718093BC5,5
0x98488C8A8005E8cae743d571d2a0f87DB288Ea99,5
0x55DcFE71136578198452039E1c9eF781e6970AA9,5
0x710ab570b20C0BD4762bAdCA19396Ee0Dda17b90,5
0xcD2aaA6584E358Be845Da1faE1Fd69cdD20490CA,5
0xC2f1D61C53EDF1D98db40Fb145DC3Fe1170414bC,5
0x7d4053510C0E2cE0f127cf890FdB84F1A36cDC6D,5
0xd0D6Af55E09E07Bb35A67CF77C4Ed1F1c5B3F5d5,5
0xA51513afEBAEA94b2C668FDAdbC87F1a68D4c70f,5
0xC99D8294fd144DA9c925f75C055546d5bF83D4a9,5
0xe0110Dc0a965410Ed56429072D82497eB08784f7,5
0x361C58aAd52fe5DdAFB871027f8A2037C83dA690,5
0x1Ac1F5cbB8D85399f677339b2F99306AEA199460,5
0xF9C590dc127df50380ea08856B332B2Bf3f4f4cA,5
0x5c06E752C477D4d2f5BcAFE6303B1146733E888E,5
0xb6704dfe3AaD48EB2755ADDD7328654479787961,5
0xe7445a83dd9E157055F68562d1778D8E2D15fc18,5
0xdb88E1f77A0A41E24D5A0C8396D220Afcb27A6E7,5
0xc27575A932ddEd6d505D83d246C64A36ae6b12a4,5
0xAb5aCc4E241cE7D533B852AEF548ab867F589459,5
0x88A918ad548623Efe7c738E4F8cc6086822D9981,5
0x5b9c17F1594BAD5a9295ef032f423273e114bcAF,5
0xff378CBc9559130eE74aFaEC4e5de43384F41f12,5
0x86F73F68f0B9e93097C250164D5c84eAfeAbA120,5
0xFDD867CC29822F89194F0F9c089f9903183d5423,5
0x1a9B83ce0Aa44015cbF3833775a2bBC17D81cF33,5
0x6c543fbAfc5A4dF7B85ecd09fF5eb3B5Ebf21e5d,5
0x0563Bc57D5638f00Aa9D1D520963d53802F57dc9,5
0x1cD409D7B0590F45f3ef3F6f89d7cf0eb7C1a1eb,5
0x29188749ef171881970D78CC3048d6a85a5eE41a,5
0x234f019De468bbAaA2CD42D6c7bfc2A1Cf03Bc64,5
0xA5d0cD870D75775187987E88622Ef702527C3Acf,5
0xC1cEd7DA513f7A2e978E399B486A7f9d57986FE4,5
0x37660b87525559598c053f0f5b4c93C44Ec35E13,5
0x5744aEb6dabC2dC67eEbAE63b1991AbcCd248D83,5
0x30d9C46363d5BE604BDfCA017D138b4E363C8A1B,5
0x977788B716d3Ad11Cd0709ee1611D7Bc1cd5721f,5
0x23Ee92b61b35Dd0E749722E9320f6DE41073c7BD,5
0xc4cAB02a5Ed2768E56cFfA5D2Fb7068cE3bCd847,5
0x6043f8B11e509132578755C2e7C7D3DF1246a451,5
0x03683B673d5355d2bBC1cB39b41102BE1b86D766,5
0xa54522c2b310dC12173CC26F5795BEace362A8F7,5
0x5fA0349e9f10c88A45d8B82108eb90F0400CEFE3,5
0x52fb93047ACf981C64a3d54f9FB63d1634293766,5
0xD839EECA231817524ea676247abD8302674Af8ea,5
0x65BDB2d430c665886E52119BaDB4bBf6de26368A,5
0xC8e03e10350367eDf9EfC71e2aF824A2621c9A20,5
0x7cD59aEf93F934e72d1dFc529fd6Ecd5de03cde4,5
0x6bc7a750544aA57D67AD5cfd9E682697347E20B2,5
0x8a3F8049D0af0f331e2462f7B66e1D12Eb605acA,5
0x49000B54784C0359A9ed744a5f3505d39043e451,5
0xfC99Aad41B043eD1363AF21d86Ece2b319Fae0C7,5
0x1Fa696000B3Aaab50E2DfBb8857FA841F27Ce1F7,5
0x19655b64BC180742F8CC62129D2B29A4b76897De,5
0x052920074577ad1B70d82218E7b8d4B290b99a95,5
0xd67B21c3Ab3DAa6C5F3506EBd581c58f54FE53B6,5
0x4cC78b26997E1b0C0Dc92123b3508c158Ee39910,5
0x5CAb25102C760ccF4b4bC854E830353426C94388,5
0xAC48fb1C46C50C34EB3f5571025ee193150C4f9e,5
0x60592902AF770D30ACC99292cF25b6EBc5E7A5Cd,5
0xe40bBd3CD595b1B834719c3E113ea64bBAc20052,5
0x23c7854777beD348244a04a89C1A1309FfB9E7ba,5
0x2d5b033b503f8F49646929c6503b6011Ea47AC20,5
0xEc452449C7A41263131f11BDECbfb1BCd3C5D64e,3
0x6C66d96Cb0f5499f8adeB423155620822EB30b48,2
0xEFb1811C6df16F684CE94fc9f6bEF4b9cfD8B1b8,2
0x200868Fdf1E6ba7751F1157EE482fcD21ba5760C,1
0x59B1568160274FEA3B8b50853aB6cFD5B5f13a8D,1
0x593B0c00078A741eB440c7B9Dde999bdD40Aa1F9,1
0xB6A56166d6901A685baE8bcAD8fa173D847055BC,1
0xb067815E284c5171CA5A62e66d49cAf209691034,1
0x0b8B303Ebd9B41f5d6a9c3c72F177e4d896e110B,1
0xB9aa8900381fEA9FE6f1390d35E25890410dA229,1
0xf4EF89DD10Fd0e6d6064c2fa2e476a48be2Dd097,1
0xdFb8A4b17e387EE9774AE2452B05BE9DA994Fbd2,1
0x2D190bc6c960379Ce2362BdA46ab74fd90e938B6,1
0xdeDB02b1a0e2C302536E3fb1e19a581727035eE1,1
0x0c79830EF840a59fBFdB601EC1D131cDce81CBB2,1
0xA5415D36Ce3E7422FABf995fb74b315b0859702a,1
0xD4b1Bb88968929cf1bbc57258Efde36510eE63F8,1
0x5377E476eD43c0Bb4D02492ae0004Ec2090f72e2,1
0xFC064F031e5A2A02c73e2aB8F88977e2B6a1e9cb,1
0x00000009d94BaF057697D988d2e3EeC2fCE81162,1