0x43D891C1b4118B709f3d63E9fC47daAA92E1112E,5
0xBFF154A1E5F07cE2258880d297ce74f1413f4Aad,5
0x3c698d1E054A921dcf46Bc213CA407E39AE4Db8d,5
0x7911ED1EeC934F1c3719D5C760c01Cf77F6f38F8,5
0x5A00e8683f37e8B08C744054a0EF606a18b1aEF7,5
0xCE035Ea46464f02700751a6A82FE2cF81a236c79,5
0xaEF1E5ab36D4f9F7227Fb216f0107F05CE2B1967,5
0x6fF5723435b7dfC2371B57Fb5cB4c373E5995C78,5
0x9C01672bCA7C85b7D0422B8cf93A1D4794DbF08A,5
0x058787Ba744cFb3f08b104E813B2401126D8102A,5
0x2D56F1dD1f2DF324c57457F0134a4279d76b65e3,5
0x829A2Eab39aBB84C1E0Aa621736a14443b5c5075,5
0xeFA1C087490536D2EA647819bC8450102D864E34,5
0x80B21C49b2cB7b3D8956e028a7776DF7863f4538,5
0x0a5503295a0cf364f39B9E175c4b08Ec8fc82D28,5
0x1d1DC008ef7E70acc6251858710fE2C7D4e8e431,5
0xA200369d36d9a1040bDddDf7F83995220E87211C,5
0x314fd5D24E1Db1fd89c5b5B96025724ac51cE18c,5
0xFAC219Be81D0236e4167163111298934B53a6D95,5
0x7B4D11a3E5eaD71AD66fD70eff0Be1a5DD09336B,5
0xB3E06b37598120945acc982348cCA7bfd232D50d,5
0xc4534BdBc3D3b521a7A41b222eE6C6258a153ba8,5
0x03A507043314ef13A83aFFFbAf15d89055F64666,5
0x2799aaa2c28425B6554914c459da470C5198BC4F,5
0xDE7F79709405aBd23AC812C7d9b881cC674EEc89,5
0xE2D435Be0c6A8380e55b6f7cb75a0b5E7D2565f9,5
0xF95B398F5D2e6341b33f2d405AB62e4256900630,5
0x3fCF6f308CE50c50f00137e3242c345ABC9E38eA,5
0xbd62a17DD06113066b3cb96699C5477E3EF01cd0,5
0x415799b4Eecc6D561d7Ab97bBD494d469e1155a2,5
0x506685ad6E1D208d37547FD8d10a9124444251aC,5
0x7Fa3470539815c645012d60693ae10AEbE43387C,5
0xEd6F695F1Db79428c0aFeB1697AB3B553a3a7CB4,5
0x168F87fBfe36B84E44B9d06278B2aA1CC73d7400,5
0x70B3Eb071B028C6EB95EF9643a6ecD3eAa823A10,5
0xDa370FFb09574d557eEfAd2F41bd4fd3A53F27a0,5
0x99ae5557D37e36000904f04bDba6Ed5D55EEE04B,5
0xf66d4094d0c66fC43494B453008f6853b4A45c89,5
0xc4DA6319585Ff59912013338108ca895e48Ac733,5
0x365943fbAAe1b764F3bb15E71977Ca58F9ed9a31,5
0x757b8564088F39e235e9E5FB57c6FEf37bDD2506,5
0xE401d18F6F835C12CA54E54a2f16A802b651eaa7,5
0xa553ef3500AB2d02A36a3a3C216999EcF7FB6B98,5
0x3D51847413663696741ccC5081c1E9744B01c3E7,5
0x030e3e488576B8FbEF29f84Fcc25088B9cEB7dfa,5
0x05762511Fa367f476D19700bE11B28B801Ff1F11,5
0x91bf28E62b7752097aFc4aF2FdbD27d0B41f778f,5
0x10b4ee99F35df1fDe98226eF7438Fec12909eF96,5
0x8ED07226eFac3F6e3543626aCCf302095008b613,5
0x8ae06d2a588F6A507E0997dcfaeBe5ccf6976bCC,5
0xBd9F1259ab34C33DB4531798F542c11fB9B4E979,5
0x57Bbf050D8920E133869949C0C3803AFfc4015b2,5
0xE715A356136dBC8f8deEa8CA392D6643a06148f0,5
0x90EB7213Cb30Cb671f1057746d8139C5dcf9B6d1,5
0x8Da8a63717bfC7197DBAfef29c6a379dA6F9018a,5
0x6F441A5c95b890310D47F58736C1F60c5BD56073,5
0x45a1FE688c01CCfd4606aC31D1F7b10FE2aa875e,5
0x9A1636FE4634537aeF315b26F914Ac53345A50C9,5
0x94Bd78b9a5C3633Fcf1f64694D658d45c4c4D1c5,5
0x7d46361468F88F811fd99a62621863481DA78f77,5
0x052f6f1b6629c3d3982130dd80eD571F63033eDe,5
0xb156B83B38Af5D579816fcC97b2CBa0aF1E8dD1c,5
0x38afAEdb78E2A0018860b06FE231292184CA14c3,5
0x7f0f04F72e068637F5e9a39c3e89a194da55D86B,5
0x94fA6CB1f4d2ADEe19c3ec2B12E84aBCf1D1ba0A,5
0xB772ad4d6F1AcCfd91BEF9b7775ad1599BD51678,5
0x60a9506F9c8FBf19f3cC33495dA0411e0a3E4a95,5
0xc047AC8BF1aa561b2385d39E129Aad4c27ea9237,5
0xe3D871d389BF78c091E29deCe83200E9d6B2B0C2,5
0xf705Cb1501D04462aB7FF142F1F0ad198175725e,5
0x41477A57A8916237A8ff512bA3D9bF487D9cbb79,5
0x621ABa8bC0d8aBc56b3a0699ECb22d8A7d1F1A4f,5
0x999b98242f5384E225a02aFceBb5Cfc817559e65,5
0x783578b0C86Fc28B63e455B06153bBBF70e6075D,5
0xAba9FaD0213774FA1E58dc1eAa1417394f748a0F,5
0x0332A05C57a3c9C56F06329fef7B12f30dff8085,5
0xf1823DFE99A87407AbF2f8f8B9d0f51737D25E59,5
0xBF44eC8C2c3afF14eab5b09F29958746088bb87C,5
0xe5e3540FA0976681255E4ddB38c0cB2f9BBFC47d,5
0x0413B621da3adD63B35a88f9C7abE1521DCE587a,5
0xA10a85F40cB3950Ba229A0cDc0C843eaC5FEaE46,5
0x79Bdda65C706CBdA69C0AD4C8da1d3e91724f48D,5
0x83bbe9CFCc205bb8E53cBa0b51d6db9386CE58B5,5
0x76ce075e6CcB713099dEe965F4124fb204c741ab,5
0xb09Bc7AdA12Fc7A160398D33651dAfcD665db6c3,5
0x91D15A8Ed53e7e76D35Ad4ce951A691F2F6C571c,5
0x8250f0d9e3B55d050BD288d8bb0b9b38E2d66826,5
0x7B19897fA7a64FA5208d4d9f3d9381C845412C4a,5
0x5Cd6eC6C709990447EEa61040CAC9079e8247Af0,5
0x32e0E687C1082fcfb6C9FbB2DBB7a2d4DFa5537A,5
0xf73448Cc4fE930C50c1278D485B9E99026F5C8Fa,5
0x27c1c08A4a12B005DB81521e42e3679710a8C5C8,5
0xb16fD9113C315861b0E543c075400dA90451CfA6,5
0x88B0BE658E72C5518B37cE0A5625D3fD494dBAFA,5
0x524B12B03181c733C01FE3713a03cD5782C6b14b,5
0xAdfa6eF1D6223225FEb30478601f69105010492E,5
0x8C58C739cc456091C0D1CeE900988059b32F4b19,5
0x0491bF6C7e91BCBbC12FB3527E99DA61f94BF5CE,5
0xAefCDA6b2cF4EcC7A7E07099C79a729a7c8b91f7,5
0x7a0FB632f86a8C8236aC8960b3a9cada3e7E0B30,5
0xcBF368bB3FA83d9b0624D3f83998b0d953cB4e61,5
0x6bdaD82a4244Be928d53814d83020F221C4Eacc1,5
0x39E9d92CFB2E39D71641EF67673fbeA4593b1318,5
0xcDB2aebF2B17fb3C04b88515419F64C3dCe99392,5
0x4952ac1f0Ab26747432610A204b7820d30662801,5
0x2FA0dB556Bb6F400A295c19347565c2B65729857,5
0x9D2Aa2571DA4Fb680EcCED0F18192A90D9757952,5
0x4aaC28b42d754b7418B393263933CAbFD645b14E,5
0x9679D527FA4bef2dfb5d883a8977FC69a2d054fE,5
0x3e2f18E12fa3DE657CE80e603eBD120443D77523,5
0x7FA91501857004dbd636FeCc333B7e31120364A3,5
0xaF1B2a07523D4Ebf6e6835187ab896D31E177eBB,5
0x6E703F9264375b88791c958053Be7834eD49d769,5
0x528A922e7eC5FF6b7ad9C5352fEc29fDb1a36b04,5
0xF7b8de5F139F24f4760460475EcB61e0e1319cAf,5
0xb2dbCfAa57B8dfA9bee8615cd774606c205F508D,5
0xc5D73B410fDD6e237d696638D48FFe607286b62F,5
0x99b17456eD9C3EB3E2F4f292bCB515F8bb9F4640,5
0x368AA4516ddec947827D3edB556F81c00E0B748a,5
0x341079720727f380b0C1CA3175acA34e552194Ab,5
0x7b91DE4Ef6CE7F960f0dE97d663DbcCd4f437b37,5
0xA9411E8296df96b31A1E6428c766192a085b8FB8,5
0xF18b36DeD7A3274177cd8bE5b044D03047647104,5
0x4913AB508a3F3Bac9f0e9390234f607328917e02,5
0x23E2A7F837766Fa4857aa9Dc908161829C43B846,5
0xecD1af038815fBea7D5c867d53D4bf8657Af9404,5
0x156AC784BaE328f6aFb6403460145BA8B029d3b5,5
0x549F70a833C13f171dF7eed465185ef9fD4969bc,5
0x43D5a1852ff45A3d962D325E7d08c33960bbb2AF,5
0x4bd78324Ba5a88c8b5eC40C44b9AC33edF4BC4e8,5
0x7cE3E1539bB9A2BB75fd3e4069718E3216cf55b8,5
0xCfCdF179C36Cc1fec04c5681E270fd5eEb4C5801,5
0xf419A4eB16146053A5311Df4727662EC98B3d58C,5
0x785cb064783B30B71c1f03119A561256F2b7db5f,5
0xc67256Ca58fF27b5f3D51b309ED248a35a202f6d,5
0x10916913A9C76EFA87946f1abA7d180E04633a71,5
0x81f4c280b59FfD661cef347d0AB8be556b6365E6,5
0x2E514978a84227D04625D560da4D33f09343D122,5
0x4DA04Ca44eF0A105f159ec8D9595423c1834FEBE,5
0x1BE9216574D4EaC3CC9B3585F6EfbDCD4C7C8676,5
0x5572905d0c9Ae6387C0EbEa4F8f3CAFF501036B1,5
0x1A5B9A64189F54BBD3C01335e60C56c027fCF633,5
0xc4Aa498De47b3591fd889A349dA1D4aD87D0ef19,5
0xA515F7fB260095eebC860425493b8761B4FC9abd,5
0xeC21368D901d8693a54498a57488178D17e7E888,5
0x63b6206f53954E123f5dB5284Be4bf416Ed56137,5
0xEF87243Fe29c2453F87549e02982108a3B832952,5
0x6bE6C401398F5578E5F3c494008C44dB7DFdD29E,5
0xEBCd250474C27cBaD3C56f3F34e08F97b370AC2d,5
0x0D33d24eea04a3F776733cDfE2c0cDA228E8e7cE,5
0xFAb9933Ef539b812A17E4206B314147286cF2a74,5
0x77Bc3254419072c5b554700B4d1C4f4C0c772Db4,5
0xbF77B8a74Db0844032cFfB3EEB487FC500765C4e,5
0xf69FD89fdA555bE7F594286EFd4Cb2F9C00ec0d1,5
0xE8b1EF36473Ae17b2f9236F1C19f99739bD969d1,5
0x285185692c524fc3052e1706e0b400428e7F165A,5
0x93859CC88a09Be9C1bc033d435F87f305Bc28224,5
0x4c1eFe9Cb913fDe7C5E9Cb8DA70bd7fa3100Ec88,5
0x0754F1Df5f57C969E82a4E6e9d1f1c7D04Df7587,5
0x42F826A51243e72DE658eb5274316F13163A9d84,5
0xAfC26d84C9031Bf0DF1e93A4BD6954E7DB561106,5
0x85EE7B2f099578e4d4a4358A60dee344D02b2F38,5
0x1025782a4236152A7D603b8040c9eBa6764d2F80,5
0x5d2b6a03721Ec823015EccE31e8173Ef40cbD369,5
0xd1c2c0b70aFb8F3C207642E7c9Ee3c36375A72b1,5
0x871e3150721f76cC91899561138bd731FAFF9FeE,5
0xbF530634f854038ba3Cf8Ed3a0f9F1c5D78DA3C1,5
0x490b0EC983791be8AA42b415b5926373BE83F431,5
0xeB43FBb810A6EF591BcfBDA9Cd5E8D760A132ab2,5
0x556A257F8Ef54Cc0ab7EaBBfC74302047F528A6D,5
0xc92a8Ae80B9676eCB816e2864f33b6e0639B2060,5
0xf1D1261b4b0517D4CBcF66E6bb6aDD67784dFe80,5
0x72BB00D97124D1Dd69C4257039d09dE9a5F6A540,5
0x91D83694cFCA6B51Ca6b8E2E2cd087fDc6a5E6A2,5
0x1e8b7D2B03b79e2794A03cD8dA77Fadd477E88aa,5
0x26DE5c837D60f5031E9EE44Dd96a367712B901d9,5
0xd3De8AC3a69b758418130F04EA289Ad20Ba59d48,5
0x2A3B5F7Fbd998896D26ACCD9049312F893AFC931,5
0x26D5c2bD940389859151f9e65C22Ef478d4cc203,5
0x460635D1EDaf3d25B419e3c4AaCe5c296e4eC02f,5
0x7508bBFC821656B23a2dB9BDaB0bae8B52cd12Dc,5
0x046f0d907e4C87d598d18C92d3F15cD6c572DFCf,5
0x8B139211fD5f39C9f4943D0C2039957E8609e960,5
0xeCee211d2726304FC38A7cF9e51A96E24AD5dc23,5
0x5c19d54D5548f3eceEdc53ae8711A2eFbb194a36,5
0x5a3649369BaA565b7603846c437Fc08479246b1b,5
0x8b2244bC61c64c2F5BF90D43C3B93ec73C786E3b,5
0xFD845e60eAea6c960d2a2b6F490b53D26925D5cB,5
0xdf8C014A6b68c66d5c774f3097EDbC917944bAA0,5
0x4F80B5c475fcEd34fc9A07FfCcF39E1Adc1406bf,5
0x658191594cdA88744d8158813029420dcf137A32,5
0x8187516CCD85CB86F437f6D150e2B9F6CbeA8F07,5
0xeABe5ba1496393174b212667359d8FF75BE573D7,5
0xFe841F32ABBD8F3688415c9394961fCF7f25b4cB,5
0xA0cc04B4356B7b8db816030E8bf1977bBd75ECFD,5
0x34c7D0638Dab854c7246623575B7839031b4fEF6,5
0xF7d36A57Cbe154fd3d9134CAC44AB49019180E12,5
0xF68cCa2ACb3C59371c28db60C6Cec55119d03C34,5
0xCCC15d2EAdf4aD883C916b2830C64F029c1ED404,5
0x3A505722A21c66c3143BBA976Bb83Ac82AEBfB48,5
0xEcc875bcC297D55a87387eF7ED440035051348bD,5
0xb4F9B59905A15b9344Ef921f1584de6d59236C57,5
0x3B57573E2F500e7EED82105abFC7e20b9E3f4FEc,5
0x37d7B8F7C4305238E0194466530D3F376cA2A166,5
0x71054410C981EaF47B31F01980529afb6A407984,5
0x71FEA65e986812E5CbCFBae136a6550d8B204534,5
0x9f88741448cBF38589D257FE7960758fEdF8848B,5
0xB2624d42D853f2fD846458723990Ab7899bb3f30,5
0xB0A3c02d71A22337E7003C67F7F3d630d5490561,5
0x69e4DB06Cdbe6754A999DFAB0D840073DA5d3380,5
0xC18C40c0485EE197Db468844498A5f9B73F524EB,5
0xAa2db7323a4B9d4ABc6462370C270b0fE7FBa003,5
0xe35140386f54949228bef10595ceb6e186733040,5
0x9A19a4a611Fa3A0640Bb6e542F23099541D7010b,5
0x98F5F0Dbfc9bb8Ef76219Ebf40f2e9296213842D,5
0x0dA6Fcf44b0D473d45A16e12043eE68884a64887,5
0x472e8E3421e5E53F392C876e7D1DD02ec2CAE094,5
0x64Bec522dc88CDAb0D114Fac2Ce42d6Ef7D8dBf8,5
0x9A78d13f9Cb57eE73685a6c792E26c8dF0970667,5
0x86D7933192B1fAccb62dB1e893dfe25D1e2104A7,5
0x10495E143d79296d5222497b7245294dc9e2D596,5
0xCf826B96C2Fb888373A77c3d327b3F19aea01a21,5
0x97AbAcf54bAD03f0Fdb5a9aFC6BC48826d2807Dd,5
0xd930CCafDbD00582D271F8c70Eb7a6ED9aE59ab6,5
0x9aAEA1C9093Fd9524cE54E64aA8dac40c7957c81,5
0x9cd52cFF672999908b4D50C22F27c4d652b4bb96,5
0xe3f7ADad696F3864edeBbf1cf3B80279301edF91,5
0xAb58368030B5cCdab8eE94d5F1e626E75F546A3f,5
0x6A0D579b887F17c49E39bF66016024719ac6f35a,5
0x7199c101324F3Af4E1089AA865f7D358696A8acB,5
0x09872Fa1d78dd6E879f6CB0A6075324995dBd581,5
0xEd80D5A03e833D05BF190e116f22E5e447b8E39a,5
0x054Becf10c79aFa4e60F75B187837bE9Fb83867D,5
0xd1a5b91957530E1B3e9cfac1543467C60c352F69,5
0x83eE33564EA39Cc2152baD87F1D0d464D07FA3aB,5
0x86c16F44BC75851a9E2E16e28366aDD78169fEA9,5
0x814B07e84D40F81fcFE408966375d31829A95218,5
0x7Ac79c369a3585B19e068578d37916259E497616,5
0x4C993d971E28F85b1166E8e2b1dBfCC01aB6FFa5,5
0x5D83da506c4981a82415D840b691a23697435774,5
0x40594F31B9F2939851fBE64bFf6dff996c75Fbe7,5
0xeb19BFB054173101087390C35DE06eb1eFf4C1e4,5
0xdB75103d154F190734cBb4409d6Fe71169e2F7D3,5
0xAec1028a1EfcC54Fd702A6fB409C27acb6f71041,5
0x161b1d3aB6cFd2b9F42Ec758FD5a9CEbD0808952,5
0x2600A539B907CC897736C9059F6b2d4941aDf37B,5
0x157Ea7465237654286Ba3FdfAeFD145cafc8859E,5
0x0d35fD6928CEd141e6aF4F5e58c02C79aEe7a9ae,5
0xC0BaFC6Dd13319fdDf3d721e99965B2f1fED512c,5
0x3bD99eC7489b622d13498d2B33Bd9b701E65c12c,5
0x4dD7AfA9C43Ea792E5da4C341054c6435c71c12e,5
0x7c84Bf06d5a2d5D7f5d08045340334c73ac0Ee59,5
0x1998f627ad0F5904165b1796c4b111492365Dad2,5
0x465c63680F2a0B4277d9b4CEcC3f3310e531A77f,5
0xC1c7474bD53104B9da90BbceecdeE90ED9269ba5,5
0x158FDaaef6c94Ad20E71A22ba12528d4cBf67561,5
0x1226FF858C262D499AF401145BeAbebf3312e856,5
0x2C21E5bDF5A29C6D6Dc89838C4815B539f9f8B89,5
0x656b51e1CEaD1d5C2dD64fA68A76aFB7eF91a528,5
0x560545E7f8A76D47056e3928abBF44D4432afc2D,5
0x0EBA3c1E84866A65D99B116b2B3EA4529dA8916f,5
0xAcdb39B36AF8B5AF9394d46258FAdbAaC5da819C,5
0x3B3FC24d1732e4593CcaBCe3A89B7c25102ed3ce,5
0xd3932209fd8a5011931334ac99b8c6D526E035b0,5
0x5f20a0eE72Cab0162479874316fE6c199a0D5b67,5
0x04c650b361A9f9DEcba87c6b87db11a67bfFcC4E,5
0x1d2622961ef6997Deb6B4Ffd3a81627A3Fdc13A5,5
0x157e14AEaA74Da672E1C6C36d4d86DC29cc436Cd,5
0x91E543aff088216BeFEB4A9487aF7C76ec4BE135,5
0xEc9c38f0A06ef3Ab2C549b3EB90c97e69E1E4E9F,5
0x7A97279EC16859E515964606871547F8e0Fb7F38,5
0x0e75EABd04986a8FB0b8CB30D6dd069c86E5E142,5
0xc0882631627786eEA84a851F66cdd1c0a070eA28,5
0x50b68702548fd2BFdE1C4c02129CB2cE7067b2c4,5
0xa5F7A90bAD45094aa676f81D580D8B93284E8506,5
0xBdd144423794914AFC4Ad10C35af1848b9Ce288E,5
0x8481f52600269F7b32a0855A98FF22880A426228,5
0x2C32C167Ac5205618D831e83517571955F31eaD8,5
0x6858A1e8a94D94349Ff7d3bDBC15512972B5AAAf,5
0x27bd053afA71C286C024be7B468921C8672724D8,5
0x851925CDd9Dc031df1257Aee4FA15Ff7c269ecac,5
0xcB15649D7B7a1eb01fb1ACD14809de6cF82Aa1A0,5
0x76365F27a33296951De6207a81eC53d5305d06E7,5
0x78b8A76BEa31733777556033e2a116df66C4C41C,5
0x073bd72a224946a368148399C1c8b558605D90bd,5
0x6C45a98B88b48026Fd7bcc7f21D7C35a73c6ac99,5
0x046Fa360B57D93fC37a8E427b3E591219844bB27,5
0x7a60D192e588F8501a2da5c4Eb018160092f411b,5
0x1f384Faca6d599A0BdDf7df68a9B37F5b89f8473,5
0x003e7b75Ff09615aD4a6f763dC7D28E48eD513D9,5
0xd9cf6912c1ae6626F83f28D2549Fd35c04ebc8bE,5
0x6CbAe2A966C9bFac13A97B93427E2eDFfBCFC2d0,5
0x9AeE301D7B11a6dc7293B7b6ba5f11cd048590dF,5
0x98488C8A8005E8cae743d571d2a0f87DB288Ea99,5
0x7d4053510C0E2cE0f127cf890FdB84F1A36cDC6D,5
0x0ff33fE9BFd306B4973d94c5C02D43fd28fdCae3,5
0x0eAaBd0BeDdC8a970E9411Ee00d002BC25765c4a,5
0xAb5aCc4E241cE7D533B852AEF548ab867F589459,5
0xC1cEd7DA513f7A2e978E399B486A7f9d57986FE4,5
0xD839EECA231817524ea676247abD8302674Af8ea,5
0xC8e03e10350367eDf9EfC71e2aF824A2621c9A20,5
0x49000B54784C0359A9ed744a5f3505d39043e451,5
0x052920074577ad1B70d82218E7b8d4B290b99a95,5
0x19655b64BC180742F8CC62129D2B29A4b76897De,5
0xd67B21c3Ab3DAa6C5F3506EBd581c58f54FE53B6,5
0x4cC78b26997E1b0C0Dc92123b3508c158Ee39910,5
0x60592902AF770D30ACC99292cF25b6EBc5E7A5Cd,5
0xe40bBd3CD595b1B834719c3E113ea64bBAc20052,5
0x23c7854777beD348244a04a89C1A1309FfB9E7ba,5
0x593B0c00078A741eB440c7B9Dde999bdD40Aa1F9,1
0xb9d5fF7bA66553841090ca712D0079377e39870d,1
0xE952b422C247508cCa7AE95b740aD4082F499b83,1