0x7B4D11a3E5eaD71AD66fD70eff0Be1a5DD09336B,5
0xA200369d36d9a1040bDddDf7F83995220E87211C,5
0xAEEc8893388B023956441C4e06D637904aaf182C,5
0x60035bbf8409C6D0D92Bb42919115373a4e1A44a,5
0xE2D435Be0c6A8380e55b6f7cb75a0b5E7D2565f9,5
0xf705Cb1501D04462aB7FF142F1F0ad198175725e,5
0xeB7bb217c3706edfB0FcEfeC24863928b4C0AF8E,5
0x6E703F9264375b88791c958053Be7834eD49d769,5
0x10b4ee99F35df1fDe98226eF7438Fec12909eF96,5
0x8ae06d2a588F6A507E0997dcfaeBe5ccf6976bCC,5
0xF6A1F53026dC95152269aB4fD5De04CbaffDb528,5
0x4fc0e1BaFd06f57aE67c0145d50619Aeae946986,5
0x91bf28E62b7752097aFc4aF2FdbD27d0B41f778f,5
0xF4b40B20572D117EAD7b5ca3C7eFf7d3CBdC4067,5
0x621ABa8bC0d8aBc56b3a0699ECb22d8A7d1F1A4f,5
0x8Da8a63717bfC7197DBAfef29c6a379dA6F9018a,5
0x4aaC28b42d754b7418B393263933CAbFD645b14E,5
0x4215a881dfA38fA2FAced28778c9366eF3E5FBb6,5
0x3E68FCA5b47bF0510DEBB0fa95d51c54B032A1C8,5
0x80B21C49b2cB7b3D8956e028a7776DF7863f4538,5
0xCCC15d2EAdf4aD883C916b2830C64F029c1ED404,5
0xd930CCafDbD00582D271F8c70Eb7a6ED9aE59ab6,5
0x10495E143d79296d5222497b7245294dc9e2D596,5
0xAb69Ec70B0Fe3A0C9F83ABBeB70F5dBfbf8D99fd,5
0x83eE33564EA39Cc2152baD87F1D0d464D07FA3aB,5
0x59C5EF981ddF319e7Dae5328B4f54E8D1EA1d430,5
0x1d1DC008ef7E70acc6251858710fE2C7D4e8e431,5
0x219b0170762E43Dd903DBde5ffb1808C9d8A8e9B,5
0x672C3b982325bE86E221fe5d0Eb5391ffA9CC8fC,5
0xEF3623a9599cB59F916d189346aE02486131A98C,5
0x63139B84A13162aF2A4601226C0059446B6e5922,5
0x3a79262632AbD073bA445aefDAfF1a5488e20B70,5
0xF33797902a452D02F06d6EEf1ADf7FCE89630678,5
0x59C7602dFf791B5eC0348Cc0F6bDB73066De34E7,5
0x80092f94F8D3f9048624ed68F5a0DaBeAfB9FEDC,5
0x8b69Ad67243437776A485da4FeB7d7f126f77376,5
0x2435340CC2B4Be9Fa4016fAdAA9e8486C8C2678c,4
0x520d7Ad9f4F93751Fc0895329494b17ef9a1Ba64,4
0x5418c2A09109c285365Fb307632C91F093d8Cc9E,4
0x2f03aB241293bE481946c5744f4232224AECD162,4
0x6d644E2478F29715920E834C2849aABA88618777,3
0x841648c5E8ea7725bA3AEF84B33E73bd39AaA150,3
0x9a77f46d936d7Af6704F2B987209F196609784a7,3
0x3D51847413663696741ccC5081c1E9744B01c3E7,3
0xaEF1E5ab36D4f9F7227Fb216f0107F05CE2B1967,3
0x156AC784BaE328f6aFb6403460145BA8B029d3b5,3
0xe38D5840A51F7dA315b085BAcf144969A8006E72,3
0x3441c4aE7cD4FDEfB0F6A2A4edDf423631CF6fA3,3
0x3A505722A21c66c3143BBA976Bb83Ac82AEBfB48,3
0x1D54eE6c2e15B168F35a578Ca2BCf49F6A46c473,3
0xfe222BD8FcC0d6Cbec595d2eE000FC4C5f91b906,3
0x20313BF6f3071fAe1F44E23f1aED6950030BD1Db,2
0x1dCecCD9597290c3f86Dd17b09c13BfbAE925e17,2
0x2F573a409666730Ded9C02A843ABC13c2b357e00,2
0x0f638C2CC65D72c1aecD056D1fDa2918126fBDFE,2
0x0332A05C57a3c9C56F06329fef7B12f30dff8085,2
0xbF530634f854038ba3Cf8Ed3a0f9F1c5D78DA3C1,2
0x658191594cdA88744d8158813029420dcf137A32,2
0xA1aF9C704783F887dAe66A09ab123AaD6373df9e,2
0xf83d06a8c835160c9b24A038Ec7fD7A625d0BF59,2
0x20897a7D7e7bdC6Fd1245561Ee2214D47EdBeff2,2
0x0B01168b77425d8a4Df02F794d2ceD416EC6e7d4,1
0x43D891C1b4118B709f3d63E9fC47daAA92E1112E,1
0xbf20064C795362e7A87F6d21fe3C57Bd99e4a9A5,1
0x76365F27a33296951De6207a81eC53d5305d06E7,1
0x0a5503295a0cf364f39B9E175c4b08Ec8fc82D28,1
0x5A00e8683f37e8B08C744054a0EF606a18b1aEF7,1
0x5f20a0eE72Cab0162479874316fE6c199a0D5b67,1
0x45a1FE688c01CCfd4606aC31D1F7b10FE2aa875e,1
0x03A507043314ef13A83aFFFbAf15d89055F64666,1
0x757b8564088F39e235e9E5FB57c6FEf37bDD2506,1
0x366F7B03ffa176C0226c2AC40c1615aD5BC649b3,1
0xfF4418B72e91C934f55D85DD0783fDF51305D9Fb,1
0x05762511Fa367f476D19700bE11B28B801Ff1F11,1
0x1EBba168f2351D58b41FA4816f22b18b496Ec4Ab,1
0x030e3e488576B8FbEF29f84Fcc25088B9cEB7dfa,1
0xe0BA7081CdcB4c5ba05496Bd6a63824740B786Fe,1
0xdEb7960F2ad4182c8f6b8440fc762f55070b44f9,1
0x779a391503DDe0e30Ba4e4a9bC17955ecF79Fccb,1
0xaA6f95ab72a2734c0afBFB3c429003F0aF550E08,1
0x70B3Eb071B028C6EB95EF9643a6ecD3eAa823A10,1
0xF823F9D6f0E68E59B385B252d859782aD6BAdc72,1
0x7a0FB632f86a8C8236aC8960b3a9cada3e7E0B30,1
0x199C7f2343CEC88F9519759B445f351ED2eDfb3f,1
0x346CCE32c34Fc0bd990F3Ea8eF5e4d036A6daC87,1
0xE401d18F6F835C12CA54E54a2f16A802b651eaa7,1
0x38afAEdb78E2A0018860b06FE231292184CA14c3,1
0x8C58C739cc456091C0D1CeE900988059b32F4b19,1
0x525F781658C4e59e1d874058f498b9d7dB4A4A6D,1
0xe2cA5521cAC74d2Bb2ce3e1fAD79A1e71eE5b95A,1
0x9C01672bCA7C85b7D0422B8cf93A1D4794DbF08A,1
0x666CC1B2f91847eB2EF6bD3426a6822016B363CE,1
0xCb15DcfdEe8a7a2BeC8561d33625B4FF7968baB4,1
0xD56981DCa4C6cE4ffB971ea6DFfd1A73D7105fFE,1
0xBd9F1259ab34C33DB4531798F542c11fB9B4E979,1
0xf46d36A35eCA074DAC347baB4F70D969E8Cbce59,1
0x7ec9932e7De1Ca2dC93A4EdF382ddF2e5D50a1E3,1
0xD89Fa527A6BbD17Dc8B201482c0A410583FaDB63,1
0xAefCDA6b2cF4EcC7A7E07099C79a729a7c8b91f7,1
0x5Db3630c63D862BdecBF9FA1Ed8021d7f55287Da,1
0x6522fBFf34E532DF916caE19737feb5759ca26CD,1
0xA10a85F40cB3950Ba229A0cDc0C843eaC5FEaE46,1
0x408570441054B712a9F8b4c96101915C75e3f044,1
0x353FFcCc1dc581477978f81C4BC51B3B572e3d99,1
0x2AC04E09e1aa339ce25CFEf14B090ED88B3A691F,1
0x9af6f946d80590E67E16eEC61360E4A7a92c76B8,1
0xeCee211d2726304FC38A7cF9e51A96E24AD5dc23,1
0xD8B892CD86bF1Adbb30fc2758603394a8CcaA686,1
0x73A5C0b0C5411c5B56BFb7598D58aA126Aaa2506,1
0xdB9ad42b6268a367A3B7BBCD2389AC75B30D1bC4,1
0xc1109CacE4A056B7f09F86Dd62E80179C2b9117B,1
0x9679D527FA4bef2dfb5d883a8977FC69a2d054fE,1
0xCE9c6Bec0062BA6Cd9744820B91F9FA94AB58A97,1
0xE715A356136dBC8f8deEa8CA392D6643a06148f0,1
0xE42aCe1D1e686e9245F74795DA3433aec452Fd75,1
0x0413B621da3adD63B35a88f9C7abE1521DCE587a,1
0xE8b1EF36473Ae17b2f9236F1C19f99739bD969d1,1
0xAfC26d84C9031Bf0DF1e93A4BD6954E7DB561106,1
0x19655b64BC180742F8CC62129D2B29A4b76897De,1
0xFc29552Ed5B83d5E72B2254d9597985a865F1dae,1
0x0a2EfDd2De3670399F05f69F4cc54d82081967e6,1
0xcB099C6f758259BB859a8EfeDC7E013B3b1ED09D,1
0xFAb9933Ef539b812A17E4206B314147286cF2a74,1
0x53dDd4B7cE0Cd928e3D1052Cd47F0cF041eDb68D,1
0xd55fFcad770ddA1f84A2B2732e21cC7568bB8014,1
0xE408D65d495c567aB246E7c90F11d15d96c1738D,1
0x85EE7B2f099578e4d4a4358A60dee344D02b2F38,1
0xbee1A4fE6706E11beaFae15c9F20f56346B766Ea,1
0x08f0fD004C1142C00EC2720D80fA9C7BeF5C43c7,1
0x64Bec522dc88CDAb0D114Fac2Ce42d6Ef7D8dBf8,1
0xb7bD544ed9126f7B634F360c12cC994a4F228932,1
0x40AC63186d0b997485D02F602e6002BEB1006148,1
0xe8Cf545F7fCe035EF4719EaA8E07a96FD5349465,1
0xCf826B96C2Fb888373A77c3d327b3F19aea01a21,1
0xAb58368030B5cCdab8eE94d5F1e626E75F546A3f,1
0x58a51f8d274B639101155Fe79Dd26d16444F9d0d,1
0x72B545724f5D9cF8076FD2b915d9F8eF14c81dB8,1
0x6b5d503451510Bf3945C541D01dA68C981f9c498,1
0xFf52BD11d5312a61ec13Bc01D038178f01C0E999,1
0x46360e8AF2E7bCcDFa2874034E91f5a1fc785912,1
0xd83492467209B2fE000dB2CbF8Eae6a9349Bb563,1
0x7199c101324F3Af4E1089AA865f7D358696A8acB,1
0x9e4C48c7c7d758Af0985fCc360ae6B7CDa662e70,1
0x7AEfC4fa246738DCee9ac010Faa721a97082FB93,1
0x4a5C3247bcDa98BFB7aA5E92401A6346Fadcfe5b,1
0x59A999Ba2F390Cb13cD37A2E4bA009632c1b6604,1
0x67B0267d9A49a648b8e42754a08cd74530246d5F,1
0x84c9c7dc5091AD2cd6a196Cd86581D3A71D551fA,1
0x599fea1015Bdaefb2776f46e1226BfAB2f52E8aB,1
0x0c1abEa67a72e94c167F63BF5220fAa08Ec0CDdE,1
0x96539455E49b8DE5738f85C2347cf7955775f502,1
0x3fAcaCE626D23515ef2f76D4b5F5f4d2a55AbdCA,1
0x54cF78C31739B97F87381b19937d13F04DC9819f,1
0xaEdE4A537Df0f9D1912445E6bE4eeD702fA6BFCf,1
0xb85695aec4eD80C1Cea1Ab96F2C50b98c6A5835E,1
0x172E2Cd574eF7DEc375f46daA2F06b0959B80685,1
0x859Bf280bfb91c39E3Bb80369C66fef326Ec7Ac6,1
0xd39785493E981ff6dbB7a8959E468A08541A41F0,1
0x198Bf956252e81D7EA9EAF1d066aE9615Cc182dD,1
0x22880225192c602B5CAAC4e5a202aB020f7B68E2,1
0x6759eADEB32EEa14f85255a59AE70cba30711753,1
0x3DBe2B199E14e7450eEA130b5F6B468c8C7dFD8B,1
0x4dD7AfA9C43Ea792E5da4C341054c6435c71c12e,1
0x30b33e450735Eb5A617C2a4B5C66323079730532,1
0xe784B14DeB9f925030086cAf590C61C6d52e4dC0,1
0x1226FF858C262D499AF401145BeAbebf3312e856,1
0xF6d4C06ac39Aa51569cb3C61F2B01c836a145Ec3,1
0xa058f9725Bfa7c8CcE9fA204f6eD058F618399C4,1
0xd553Fe129584198F36DcF6e54Cd3176Af2d5BE0b,1
0x09b93AbCA90eC10B8572d257Ed691c8F82Fc1A3c,1
0xc1bc64efc56D7dBe2116c93d7CB7AA751c6E1a33,1
0xb1a3EB48091fcfC4EdD53745d4afb1763F004B88,1
0xda3b62C6f1611894e578c908EC90Ec2765872088,1
0x89f80508845277300e5bCd612904F7B4bf0d8369,1
0xaebAea3A77E0Fa4784654b32C5d49370e742c93C,1
0xDe7945f99f8dF3C03822c91656783699f0fFd7F8,1
0x9C5d711cfCB6e0818924F7CfcF02D439b431591E,1
0xC62Ac571927CE6675c00e1f8f1906EdaC76316Ff,1
0xd3674289914F66dddfb316c01245c3167C3Bfab1,1
0xf1653323d095392caA4f8787943D84b4690c5e41,1
0x8b5505419334c6aB123Fc51FA55bA5eDf164bA39,1
0x97AbAcf54bAD03f0Fdb5a9aFC6BC48826d2807Dd,1
0x9aAEA1C9093Fd9524cE54E64aA8dac40c7957c81,1
0x2d71246634b8A095714e78d8f1D6BE003652485F,1
0xECD80553022E97804c85DeE2C0DaC59C1a5FEE22,1
0x0a8841c8451F59FDeFE4A41e17E9e4a0B61c8813,1
0xAa08209FCD6ee8970b2D5F3Ada42C1E0f7D0517b,1
0x5c90FDB789E41329CC4d60B146eE435f02c3f671,1
0x9b0AC8F5F8BF8cC2CEe77bCE4178b26aCB676e27,1
0xA9fDEbd982B235e8d434E7406f56371FB2B8A9eC,1
0x929C4D553B99e1522E8ae4F14d7a55135ccB2101,1
0xC0Bc6A4Fbc6f8d364271A0A21571a224a9680846,1
0x7EDCF5Cb7f1c1e7cE88A788e5b065C6F4Bdfc129,1
0x76970f4009C8E061888AE3A42FA7Bfa687434b77,1
0x9674a69D76a3d006e38F6F328172B99ecAE33dC6,1
0xe1cD0040985f35EC2C40E009e8Bf773b4B6FCE78,1
0x52F761A82fE381f539881786C34686Fa12620c9B,1
0x5cE84fdB8a13B1C6378291c993543ed4CfD4A831,1
0x6CbAe2A966C9bFac13A97B93427E2eDFfBCFC2d0,1
0xe5eB3553199604b98f2e7861Dea4420CD58C34D5,1
0xC9617e332cf0Cf0eaDf0aD975D452a17d06721Cc,1
0xA8E86A6188761d77e3cd4b3e5DeC97090060280B,1
0xd1fe6901DDB37746a1C82Beb6118E3386f7A4C4E,1
0xaaA190cBb36515bAf05DB3f1D036beC91413d39e,1
0xcB2744405A887B90aeA8b3972FaDa35eB56Adc48,1
0x6728467f7a12F2e0B893e11c1bE5DaBE1B1824C4,1
0x3687b90174E74D5344B0C830Bb2E0Ee371Ad4FC1,1
0x7d4053510C0E2cE0f127cf890FdB84F1A36cDC6D,1
0xc4DA6319585Ff59912013338108ca895e48Ac733,1
0x2Bf08f2E7bf56A5aA496ccC0D71a1D86e4b2910a,1
0xFDD867CC29822F89194F0F9c089f9903183d5423,1
0x6c543fbAfc5A4dF7B85ecd09fF5eb3B5Ebf21e5d,1
0x7A97279EC16859E515964606871547F8e0Fb7F38,1
0x556A257F8Ef54Cc0ab7EaBBfC74302047F528A6D,1
0x4cC78b26997E1b0C0Dc92123b3508c158Ee39910,1
0x57Bbf050D8920E133869949C0C3803AFfc4015b2,1
0x5CAb25102C760ccF4b4bC854E830353426C94388,1
0x30bAAe796C66D7D6368725edF9A879ecC3539180,1
0x243baE7765023FF1c25f6063177a5811C68C9A65,1
0x7124329794695725AC256Eadbb554Fe978e67AF8,1
0x3AeB5C5Bd27aF83C78D8DE6B8d62187E563196Ea,1
0x29aCCb60A4faFeE42E5543cd58981192BbBFBA67,1
0x644e420066Bc23683AB77bA8250079C5BCD4dCa7,1
0x3D635c7E8545710535544E816c54f82deB3BDDb3,1
0x163819612F2177b0C09900D8968Fec8F6222d29C,1
0x666D254B723cE08978EFA1715978767E23Df6126,1
0x2D56F1dD1f2DF324c57457F0134a4279d76b65e3,1
0xA2c0905a8a1E66CC1633D2031ee21B18D4A42fA6,1
0x27c1c08A4a12B005DB81521e42e3679710a8C5C8,1
0x49838aA6c98260aa1738fbef639f9793333a5B60,1