0xc4DA6319585Ff59912013338108ca895e48Ac733,5
0x7Fa3470539815c645012d60693ae10AEbE43387C,5
0x49838aA6c98260aa1738fbef639f9793333a5B60,5
0xAefCDA6b2cF4EcC7A7E07099C79a729a7c8b91f7,5
0x86c16F44BC75851a9E2E16e28366aDD78169fEA9,5
0x80B21C49b2cB7b3D8956e028a7776DF7863f4538,5
0x1d1DC008ef7E70acc6251858710fE2C7D4e8e431,5
0x0e551a523BD88f3815a5D4CC6231fBd513B28b9a,5
0xf705Cb1501D04462aB7FF142F1F0ad198175725e,5
0x96539455E49b8DE5738f85C2347cf7955775f502,5
0x7bf9bfb15019BD0C22233f3dD7d94c72E0a50C2d,5
0x21BF63C0418D4f1D13f884C50498B2259B321b43,5
0xA200369d36d9a1040bDddDf7F83995220E87211C,5
0xA1aF9C704783F887dAe66A09ab123AaD6373df9e,5
0x465c63680F2a0B4277d9b4CEcC3f3310e531A77f,5
0x3a79262632AbD073bA445aefDAfF1a5488e20B70,5
0x40594F31B9F2939851fBE64bFf6dff996c75Fbe7,5
0x5f20a0eE72Cab0162479874316fE6c199a0D5b67,5
0x2799aaa2c28425B6554914c459da470C5198BC4F,5
0xFDD867CC29822F89194F0F9c089f9903183d5423,5
0x6c543fbAfc5A4dF7B85ecd09fF5eb3B5Ebf21e5d,5
0xE2D435Be0c6A8380e55b6f7cb75a0b5E7D2565f9,5
0xD38cd7340281dBcA93Cc21C108F646D8626a03aE,5
0x1a9B83ce0Aa44015cbF3833775a2bBC17D81cF33,5
0x70B3Eb071B028C6EB95EF9643a6ecD3eAa823A10,5
0x0d35fD6928CEd141e6aF4F5e58c02C79aEe7a9ae,5
0xbe601028BB535e0e46BC8649a93bADA7BD688A89,5
0x7B4D11a3E5eaD71AD66fD70eff0Be1a5DD09336B,5
0xaEF1E5ab36D4f9F7227Fb216f0107F05CE2B1967,5
0x10b4ee99F35df1fDe98226eF7438Fec12909eF96,5
0x91E543aff088216BeFEB4A9487aF7C76ec4BE135,5
0x8353a3190b99CBd2a04D140ECC294098975e002F,5
0x8C58C739cc456091C0D1CeE900988059b32F4b19,5
0xB8e1f0f1E0AaB629eC07aE9e4FA680B58732c643,5
0x7A97279EC16859E515964606871547F8e0Fb7F38,5
0xD89Fa527A6BbD17Dc8B201482c0A410583FaDB63,5
0xCb15DcfdEe8a7a2BeC8561d33625B4FF7968baB4,5
0x38afAEdb78E2A0018860b06FE231292184CA14c3,5
0x593B0c00078A741eB440c7B9Dde999bdD40Aa1F9,5
0xb16fD9113C315861b0E543c075400dA90451CfA6,5
0xFAb9933Ef539b812A17E4206B314147286cF2a74,5
0x0B01168b77425d8a4Df02F794d2ceD416EC6e7d4,5
0x90d97772F4469Df443273d2946aAebd5158f75af,5
0x282E770bACFAe4550032aC796464CDe32f69faed,5
0xA4d19F0b395DEAcd5faD17349c2D37234a107F17,5
0x2226A373D59c019Ab865B3688b0046630251bb7F,5
0x2C9A8ADD958f9766e38F40f7dCd8Fa5e64D1B7d3,5
0xF34e7a227B6bA749055dfA61F933a9F3621d786c,5
0x5DA3a6948ebF80A4ABf2AbA476A503c7cDEfC82E,5
0xBEe68D5BbDd56FD814E59116F3E4b493A148A3c2,5
0xB381dAEaa7b4e1252b153500DF5B04635614aeDa,5
0x12Ff7B920Edf2ba45743C71f7a513F7a82030549,5
0xdBaBaf9d5a1a51615980510dc48160A629C88b8f,5
0x794a4eCB6c0F7ba28058a1aAad1154BaaDCd518C,5
0x8b2244bC61c64c2F5BF90D43C3B93ec73C786E3b,5
0x52fb93047ACf981C64a3d54f9FB63d1634293766,5
0x4C597f5B050AA798647B66F491442a2543f61663,5
0xEF87243Fe29c2453F87549e02982108a3B832952,5
0xCCC15d2EAdf4aD883C916b2830C64F029c1ED404,5
0x80092f94F8D3f9048624ed68F5a0DaBeAfB9FEDC,5
0x49000B54784C0359A9ed744a5f3505d39043e451,5
0xd1a5b91957530E1B3e9cfac1543467C60c352F69,5
0x9af6f946d80590E67E16eEC61360E4A7a92c76B8,5
0x161b1d3aB6cFd2b9F42Ec758FD5a9CEbD0808952,5
0x57Bbf050D8920E133869949C0C3803AFfc4015b2,5
0xf66d4094d0c66fC43494B453008f6853b4A45c89,5
0x0a8841c8451F59FDeFE4A41e17E9e4a0B61c8813,5
0x72B545724f5D9cF8076FD2b915d9F8eF14c81dB8,5
0x58a51f8d274B639101155Fe79Dd26d16444F9d0d,5
0xAa08209FCD6ee8970b2D5F3Ada42C1E0f7D0517b,5
0x6b5d503451510Bf3945C541D01dA68C981f9c498,5
0xd83492467209B2fE000dB2CbF8Eae6a9349Bb563,5
0x2d71246634b8A095714e78d8f1D6BE003652485F,5
0x46360e8AF2E7bCcDFa2874034E91f5a1fc785912,5
0xECD80553022E97804c85DeE2C0DaC59C1a5FEE22,5
0xFf52BD11d5312a61ec13Bc01D038178f01C0E999,5
0xd930CCafDbD00582D271F8c70Eb7a6ED9aE59ab6,5
0x9aAEA1C9093Fd9524cE54E64aA8dac40c7957c81,5
0x97AbAcf54bAD03f0Fdb5a9aFC6BC48826d2807Dd,5
0xAb58368030B5cCdab8eE94d5F1e626E75F546A3f,5
0xCf826B96C2Fb888373A77c3d327b3F19aea01a21,5
0x1998f627ad0F5904165b1796c4b111492365Dad2,5
0x999b98242f5384E225a02aFceBb5Cfc817559e65,5
0x872eab8A707Cf6ba69B4c2FB0F2C274998fEDe47,5
0x2C21E5bDF5A29C6D6Dc89838C4815B539f9f8B89,5
0x656b51e1CEaD1d5C2dD64fA68A76aFB7eF91a528,5
0x560545E7f8A76D47056e3928abBF44D4432afc2D,5
0x0EBA3c1E84866A65D99B116b2B3EA4529dA8916f,5
0xAcdb39B36AF8B5AF9394d46258FAdbAaC5da819C,5
0x3B3FC24d1732e4593CcaBCe3A89B7c25102ed3ce,5
0xd3932209fd8a5011931334ac99b8c6D526E035b0,5
0x04c650b361A9f9DEcba87c6b87db11a67bfFcC4E,5
0x1d2622961ef6997Deb6B4Ffd3a81627A3Fdc13A5,5
0xcB15649D7B7a1eb01fb1ACD14809de6cF82Aa1A0,5
0xa5F7A90bAD45094aa676f81D580D8B93284E8506,5
0x91bf28E62b7752097aFc4aF2FdbD27d0B41f778f,5
0xe38D5840A51F7dA315b085BAcf144969A8006E72,5
0xd9cf6912c1ae6626F83f28D2549Fd35c04ebc8bE,5
0xA2c0905a8a1E66CC1633D2031ee21B18D4A42fA6,5
0x6C45a98B88b48026Fd7bcc7f21D7C35a73c6ac99,5
0x7199c101324F3Af4E1089AA865f7D358696A8acB,5
0xC98C8a768f376eF18C0F1bcAC42b1d2718093BC5,5
0xed0b27FFF7915E8583Fe82ae88eeeA640209CbFb,5
0xcD2aaA6584E358Be845Da1faE1Fd69cdD20490CA,5
0xC2f1D61C53EDF1D98db40Fb145DC3Fe1170414bC,5
0x1Ac1F5cbB8D85399f677339b2F99306AEA199460,5
0xF9C590dc127df50380ea08856B332B2Bf3f4f4cA,5
0x98488C8A8005E8cae743d571d2a0f87DB288Ea99,5
0xdD0E8bc42f6126D0D2585b4Bf07692D9B172Fc77,5
0x525132158d6966AD6BA7b729295a73616a8A06a8,5